user_id,post_id,like_flag,comment_flag,share_flag,watch_time,save_flag,timestamp
U20,P490,0,1,0,74,0,2026-01-29 09:52:46.973753
U89,P486,1,1,1,7,0,2026-02-01 10:52:46.973771
U154,P440,1,1,1,85,0,2026-01-27 16:52:46.973785
U121,P481,0,0,1,90,1,2026-01-25 11:52:46.973798
U110,P355,0,1,0,37,0,2026-01-26 22:52:46.973812
U268,P11,1,1,1,61,1,2026-02-06 09:52:46.973825
U19,P116,1,1,1,37,1,2026-02-10 21:52:46.973839
U192,P320,1,1,0,96,0,2026-01-27 10:52:46.973854
U59,P436,0,1,0,25,1,2026-02-03 04:52:46.973868
U9,P457,0,0,1,49,1,2026-02-05 13:52:46.973882
U125,P123,0,0,1,10,0,2026-01-26 22:52:46.973895
U5,P443,1,1,0,86,0,2026-01-31 02:52:46.973910
U136,P387,1,0,1,73,0,2026-02-07 05:52:46.973923
U178,P373,0,0,0,22,0,2026-01-26 20:52:46.973936
U231,P272,0,1,0,42,0,2026-02-08 14:52:46.973949
U235,P437,0,1,0,36,1,2026-02-07 23:52:46.973962
U29,P144,1,0,0,68,0,2026-01-30 20:52:46.973974
U269,P328,1,0,1,45,0,2026-02-04 18:52:46.973987
U33,P377,1,1,1,112,0,2026-01-24 20:52:46.974002
U210,P434,0,0,0,104,0,2026-02-13 12:52:46.974015
U56,P226,1,0,0,18,0,2026-02-13 06:52:46.974028
U94,P242,0,0,0,31,1,2026-02-08 11:52:46.974041
U272,P41,1,0,1,105,0,2026-02-10 15:52:46.974054
U256,P209,0,1,1,53,0,2026-01-27 01:52:46.974067
U258,P480,1,1,0,90,0,2026-01-31 08:52:46.974082
U136,P59,0,0,1,8,0,2026-01-26 00:52:46.974095
U95,P125,0,0,1,11,0,2026-02-05 05:52:46.974108
U69,P69,0,1,0,10,0,2026-01-28 10:52:46.974121
U208,P213,1,1,1,41,0,2026-01-31 08:52:46.974134
U77,P288,0,0,1,76,0,2026-02-05 11:52:46.974147
U154,P10,0,0,0,9,0,2026-02-03 12:52:46.974160
U131,P67,0,1,0,19,1,2026-02-06 02:52:46.974173
U30,P359,1,0,0,117,1,2026-01-24 23:52:46.974186
U296,P449,0,1,1,99,0,2026-02-03 10:52:46.974199
U292,P299,0,0,0,111,0,2026-01-30 00:52:46.974213
U90,P208,1,0,1,81,0,2026-02-14 00:52:46.974226
U78,P91,0,1,1,72,0,2026-01-31 02:52:46.974239
U175,P54,1,1,0,99,0,2026-02-13 20:52:46.974252
U53,P77,1,0,1,50,1,2026-01-31 11:52:46.974265
U112,P351,0,0,0,74,1,2026-01-26 11:52:46.974278
U189,P333,0,1,1,23,0,2026-02-01 21:52:46.974291
U22,P368,0,1,1,42,1,2026-02-06 14:52:46.974303
U75,P209,0,0,0,64,1,2026-02-10 15:52:46.974316
U137,P346,1,1,0,74,0,2026-01-25 16:52:46.974329
U90,P59,0,1,1,18,1,2026-02-09 13:52:46.974342
U300,P485,1,1,0,55,1,2026-01-27 03:52:46.974355
U281,P372,1,0,1,46,0,2026-01-27 17:52:46.974367
U249,P76,0,1,0,96,1,2026-01-27 20:52:46.974381
U170,P317,1,1,0,65,1,2026-02-11 07:52:46.974393
U116,P80,0,1,1,17,0,2026-02-01 18:52:46.974406
U188,P57,0,0,1,36,1,2026-02-11 22:52:46.974420
U269,P303,0,1,1,33,1,2026-01-31 20:52:46.974432
U285,P48,0,1,0,78,0,2026-02-10 00:52:46.974476
U71,P430,0,0,0,14,1,2026-02-05 23:52:46.974496
U228,P281,1,1,0,44,0,2026-02-06 23:52:46.974510
U151,P211,1,1,0,25,0,2026-01-29 10:52:46.974522
U33,P260,1,0,0,56,0,2026-02-04 18:52:46.974535
U284,P70,1,0,0,112,0,2026-02-03 15:52:46.974548
U144,P24,0,0,1,81,0,2026-01-31 09:52:46.974561
U159,P348,1,1,1,48,0,2026-01-30 10:52:46.974574
U231,P497,0,1,1,101,0,2026-02-11 21:52:46.974587
U31,P357,0,1,1,101,0,2026-01-26 16:52:46.974600
U235,P107,0,1,1,21,1,2026-02-07 06:52:46.974613
U71,P362,1,0,0,98,1,2026-02-12 18:52:46.974627
U267,P317,1,0,1,29,1,2026-02-07 13:52:46.974640
U84,P114,0,1,1,42,0,2026-02-06 06:52:46.974653
U175,P1,0,0,1,66,1,2026-01-28 12:52:46.974666
U206,P105,1,0,1,17,0,2026-02-12 10:52:46.974679
U111,P205,1,1,0,58,1,2026-02-08 03:52:46.974692
U164,P169,1,1,0,11,0,2026-02-11 17:52:46.974705
U296,P467,0,0,1,110,1,2026-02-06 14:52:46.974718
U232,P361,0,0,0,99,1,2026-02-04 11:52:46.974730
U184,P428,0,1,1,36,1,2026-02-05 19:52:46.974743
U146,P324,0,0,0,118,1,2026-02-11 13:52:46.974755
U135,P41,1,0,0,70,0,2026-02-09 15:52:46.974769
U221,P370,1,1,1,8,0,2026-02-04 01:52:46.974782
U166,P26,0,1,0,92,1,2026-01-25 02:52:46.974795
U31,P205,1,0,1,83,0,2026-02-08 03:52:46.974808
U101,P368,1,1,0,109,0,2026-02-03 22:52:46.974821
U163,P372,0,1,0,32,0,2026-01-29 08:52:46.974833
U21,P308,0,1,0,55,0,2026-02-11 22:52:46.974847
U127,P428,0,0,0,92,1,2026-01-28 04:52:46.974859
U215,P92,0,1,0,60,1,2026-02-08 10:52:46.974873
U195,P15,0,0,0,53,1,2026-02-05 20:52:46.974885
U26,P343,0,0,0,106,0,2026-01-31 14:52:46.974899
U51,P81,1,0,0,118,0,2026-02-04 00:52:46.974912
U111,P168,0,1,1,104,0,2026-01-25 14:52:46.974926
U109,P376,0,1,0,59,0,2026-02-08 22:52:46.974939
U205,P29,0,1,0,84,1,2026-02-07 22:52:46.974951
U240,P266,1,0,0,53,0,2026-01-24 12:52:46.974964
U236,P173,1,1,1,78,0,2026-01-28 10:52:46.974977
U157,P258,1,0,0,30,0,2026-01-29 22:52:46.974990
U38,P131,1,0,1,70,0,2026-01-30 17:52:46.975003
U171,P250,1,0,1,97,1,2026-02-04 01:52:46.975016
U128,P93,1,0,0,97,1,2026-02-07 15:52:46.975029
U29,P410,0,1,0,95,1,2026-02-09 10:52:46.975042
U158,P259,0,1,0,11,0,2026-02-12 04:52:46.975055
U297,P362,0,0,1,73,0,2026-01-25 02:52:46.975068
U91,P411,1,1,1,68,1,2026-02-03 00:52:46.975080
U191,P349,0,0,1,12,0,2026-02-10 06:52:46.975093
U41,P414,1,0,1,15,1,2026-02-06 19:52:46.975106
U194,P482,0,1,0,72,0,2026-02-03 20:52:46.975119
U212,P153,1,1,1,15,0,2026-02-02 20:52:46.975132
U154,P249,0,1,1,52,1,2026-01-24 16:52:46.975145
U2,P88,0,0,1,82,1,2026-02-04 04:52:46.975158
U141,P228,0,1,1,76,1,2026-01-28 23:52:46.975171
U31,P138,1,0,1,78,0,2026-02-08 18:52:46.975184
U148,P458,0,0,1,119,1,2026-02-07 11:52:46.975197
U61,P125,1,0,1,15,1,2026-01-30 01:52:46.975210
U243,P490,0,0,0,67,0,2026-01-24 15:52:46.975223
U82,P344,0,1,1,31,1,2026-02-03 06:52:46.975236
U145,P449,1,1,1,30,0,2026-01-24 10:52:46.975249
U33,P62,0,0,0,39,0,2026-01-26 05:52:46.975262
U76,P379,1,0,0,29,0,2026-02-12 21:52:46.975275
U12,P319,0,1,0,55,1,2026-02-08 13:52:46.975288
U196,P133,0,1,1,43,0,2026-01-31 17:52:46.975301
U180,P4,1,0,0,25,0,2026-01-26 21:52:46.975314
U105,P66,0,0,0,20,0,2026-01-31 01:52:46.975327
U250,P343,1,0,1,37,1,2026-02-11 11:52:46.975340
U125,P319,0,0,1,62,1,2026-01-29 09:52:46.975353
U266,P271,1,0,0,91,0,2026-02-13 12:52:46.975366
U265,P114,1,0,1,40,1,2026-02-01 10:52:46.975379
U97,P375,0,1,1,84,1,2026-02-03 23:52:46.975392
U77,P208,1,1,0,10,1,2026-01-31 10:52:46.975405
U259,P308,1,0,1,67,0,2026-02-01 09:52:46.975418
U235,P474,1,1,1,93,1,2026-02-04 10:52:46.975432
U156,P455,1,0,0,104,1,2026-01-30 19:52:46.975444
U245,P306,1,1,1,58,0,2026-02-12 11:52:46.975458
U110,P278,1,0,1,43,0,2026-01-28 10:52:46.975471
U112,P274,0,0,0,15,0,2026-02-09 20:52:46.975484
U281,P447,1,1,0,94,0,2026-02-11 16:52:46.975497
U100,P307,1,0,1,6,1,2026-02-14 00:52:46.975510
U197,P180,1,1,0,63,1,2026-02-03 16:52:46.975523
U265,P93,1,0,1,84,1,2026-02-09 00:52:46.975537
U234,P61,0,1,1,66,0,2026-01-29 00:52:46.975550
U191,P379,1,0,0,115,0,2026-02-06 10:52:46.975563
U132,P360,0,1,1,55,1,2026-02-10 02:52:46.975579
U34,P420,1,0,1,20,0,2026-02-06 16:52:46.975592
U19,P226,0,0,0,45,0,2026-02-06 22:52:46.975605
U222,P103,1,0,0,23,1,2026-01-30 10:52:46.975618
U68,P28,1,1,1,23,0,2026-02-09 06:52:46.975631
U134,P129,1,0,0,111,0,2026-01-25 13:52:46.975644
U281,P175,0,1,0,111,0,2026-02-10 08:52:46.975657
U268,P417,1,0,0,65,1,2026-01-29 09:52:46.975670
U10,P287,1,1,0,54,0,2026-02-05 11:52:46.975683
U218,P241,1,1,1,92,0,2026-01-28 00:52:46.975696
U216,P80,0,1,1,39,0,2026-02-13 11:52:46.975709
U165,P13,1,0,1,114,0,2026-01-26 13:52:46.975722
U1,P319,0,1,0,14,1,2026-02-05 09:52:46.975735
U263,P312,1,0,0,16,0,2026-02-01 13:52:46.975749
U212,P282,1,0,1,115,1,2026-01-28 08:52:46.975762
U298,P317,1,0,1,38,0,2026-01-30 00:52:46.975776
U35,P271,0,1,0,29,1,2026-02-11 18:52:46.975789
U251,P335,1,0,1,56,0,2026-01-30 21:52:46.975802
U149,P71,0,0,0,100,1,2026-02-01 08:52:46.975815
U59,P69,1,1,1,22,0,2026-02-10 20:52:46.975828
U114,P184,1,1,0,66,1,2026-01-28 14:52:46.975841
U197,P387,0,0,0,7,0,2026-02-02 02:52:46.975854
U180,P471,1,1,1,98,1,2026-01-29 11:52:46.975867
U244,P420,0,1,1,52,1,2026-02-02 20:52:46.975880
U135,P313,1,1,0,60,1,2026-02-07 14:52:46.975893
U59,P58,1,1,0,112,0,2026-01-26 14:52:46.975906
U74,P167,1,1,0,52,0,2026-01-31 14:52:46.975919
U182,P122,1,0,0,33,1,2026-02-10 08:52:46.975931
U176,P330,0,1,0,21,0,2026-02-04 08:52:46.975944
U265,P135,1,0,0,10,1,2026-01-24 10:52:46.975958
U139,P125,1,0,1,46,0,2026-01-28 17:52:46.975976
U255,P85,1,1,1,40,1,2026-02-10 13:52:46.975990
U69,P37,0,1,1,103,0,2026-02-07 05:52:46.976003
U54,P386,1,0,0,107,1,2026-02-08 12:52:46.976016
U190,P128,1,0,0,80,0,2026-02-01 17:52:46.976029
U150,P294,0,0,1,35,0,2026-02-06 02:52:46.976042
U170,P379,1,1,0,62,1,2026-01-31 18:52:46.976055
U122,P252,0,0,0,93,0,2026-02-11 19:52:46.976072
U63,P347,1,0,0,28,1,2026-02-13 20:52:46.976084
U94,P373,0,0,1,28,1,2026-01-28 08:52:46.976098
U40,P359,0,1,1,74,0,2026-01-28 15:52:46.976111
U245,P365,1,1,0,8,1,2026-01-25 13:52:46.976124
U17,P370,0,0,1,111,1,2026-01-27 09:52:46.976149
U173,P219,1,0,1,37,0,2026-01-29 21:52:46.976163
U47,P134,1,1,0,38,1,2026-02-01 08:52:46.976176
U272,P171,1,0,1,85,1,2026-02-08 21:52:46.976190
U235,P41,0,0,1,63,0,2026-02-03 20:52:46.976203
U192,P24,0,1,1,84,1,2026-01-27 16:52:46.976216
U213,P388,1,1,1,45,1,2026-01-31 04:52:46.976231
U71,P214,0,0,0,56,0,2026-02-02 07:52:46.976244
U185,P207,1,0,1,34,1,2026-02-12 11:52:46.976257
U139,P283,1,0,0,76,0,2026-02-13 11:52:46.976270
U77,P45,1,0,0,16,0,2026-02-04 23:52:46.976284
U92,P22,1,1,1,81,0,2026-01-30 01:52:46.976297
U179,P238,0,0,1,28,0,2026-02-10 18:52:46.976310
U228,P371,0,1,0,40,1,2026-02-07 05:52:46.976323
U221,P408,1,0,0,57,1,2026-02-07 03:52:46.976336
U45,P381,1,1,0,33,1,2026-02-08 15:52:46.976349
U37,P53,1,0,1,42,0,2026-01-29 04:52:46.976362
U196,P243,1,0,0,91,0,2026-02-01 01:52:46.976375
U90,P308,0,1,1,111,1,2026-01-27 12:52:46.976388
U131,P224,0,1,1,100,1,2026-02-09 14:52:46.976401
U123,P186,1,1,0,9,0,2026-02-07 13:52:46.976415
U208,P257,0,0,1,15,0,2026-02-13 21:52:46.976428
U32,P472,1,1,0,7,1,2026-02-08 21:52:46.976441
U255,P475,1,0,0,66,0,2026-02-04 00:52:46.976455
U45,P105,1,0,1,65,1,2026-01-24 15:52:46.976468
U225,P430,1,1,1,18,0,2026-02-10 21:52:46.976481
U82,P135,0,1,0,119,0,2026-02-08 08:52:46.976494
U56,P15,0,1,0,92,0,2026-02-08 05:52:46.976508
U8,P477,0,0,0,44,0,2026-02-06 15:52:46.976520
U270,P187,0,1,0,107,0,2026-02-07 18:52:46.976533
U175,P336,0,1,0,101,1,2026-02-13 11:52:46.976546
U272,P12,1,0,1,108,0,2026-02-10 08:52:46.976559
U218,P278,0,1,0,107,0,2026-02-13 00:52:46.976572
U77,P9,1,0,1,17,0,2026-02-07 01:52:46.976585
U200,P485,0,1,1,80,1,2026-01-29 17:52:46.976599
U61,P488,0,1,0,97,1,2026-02-07 18:52:46.976612
U257,P244,1,1,1,25,0,2026-01-28 22:52:46.976625
U259,P492,0,0,0,58,1,2026-01-26 03:52:46.976639
U246,P221,0,0,1,33,0,2026-01-29 16:52:46.976655
U60,P406,1,0,0,89,0,2026-02-06 19:52:46.976667
U139,P440,0,1,0,73,1,2026-02-12 05:52:46.976680
U57,P277,1,0,1,19,0,2026-01-26 00:52:46.976693
U179,P332,1,0,0,41,1,2026-01-26 06:52:46.976705
U26,P490,1,1,0,95,1,2026-02-13 08:52:46.976718
U149,P488,0,0,0,39,0,2026-02-12 10:52:46.976731
U293,P185,1,0,1,65,1,2026-01-31 17:52:46.976744
U53,P84,1,1,0,28,1,2026-02-06 00:52:46.976756
U286,P88,0,1,0,40,1,2026-01-25 21:52:46.976769
U52,P143,1,0,1,97,1,2026-02-04 05:52:46.976782
U143,P349,0,0,1,53,0,2026-02-02 22:52:46.976795
U14,P298,1,1,0,110,0,2026-02-06 01:52:46.976808
U27,P471,0,0,0,56,0,2026-01-26 04:52:46.976821
U181,P57,1,1,0,47,0,2026-01-29 16:52:46.976834
U260,P197,0,0,0,109,1,2026-01-31 05:52:46.976847
U41,P478,1,0,1,114,0,2026-02-04 03:52:46.976861
U149,P198,0,0,1,112,0,2026-01-28 20:52:46.976874
U212,P156,1,1,0,7,0,2026-02-10 01:52:46.976887
U256,P479,0,0,0,59,0,2026-02-02 03:52:46.976901
U105,P105,0,0,0,7,0,2026-01-28 01:52:46.976914
U259,P102,1,1,0,49,0,2026-02-01 16:52:46.976927
U251,P331,0,0,0,21,1,2026-02-11 12:52:46.976940
U282,P181,0,1,0,34,1,2026-01-31 13:52:46.976952
U217,P320,1,0,0,109,1,2026-01-31 11:52:46.976965
U148,P105,0,0,0,57,0,2026-02-03 11:52:46.976978
U147,P446,1,1,1,16,1,2026-02-13 02:52:46.976991
U29,P271,1,0,0,5,1,2026-02-09 18:52:46.977004
U220,P441,0,0,1,56,1,2026-02-12 19:52:46.977016
U96,P477,0,1,1,107,1,2026-02-02 18:52:46.977030
U246,P111,1,1,0,37,1,2026-02-08 21:52:46.977043
U237,P494,0,0,1,71,0,2026-01-28 19:52:46.977055
U143,P395,0,1,0,28,0,2026-02-04 21:52:46.977071
U101,P132,0,0,0,117,1,2026-02-09 05:52:46.977084
U293,P304,0,0,1,16,0,2026-01-28 18:52:46.977097
U44,P371,1,1,1,82,1,2026-02-07 11:52:46.977111
U281,P253,1,1,1,94,1,2026-02-03 03:52:46.977123
U109,P194,0,0,1,23,0,2026-01-27 00:52:46.977137
U243,P264,1,1,0,42,0,2026-02-02 22:52:46.977150
U87,P23,1,1,0,32,1,2026-02-03 03:52:46.977163
U175,P4,0,1,0,11,0,2026-01-25 21:52:46.977177
U31,P74,0,1,0,32,0,2026-01-25 00:52:46.977190
U87,P20,0,0,0,15,1,2026-01-28 14:52:46.977204
U28,P467,1,1,1,105,0,2026-02-02 03:52:46.977217
U300,P170,1,0,1,6,0,2026-02-07 17:52:46.977230
U74,P342,0,1,0,75,1,2026-02-05 21:52:46.977244
U227,P465,1,0,1,90,1,2026-02-09 23:52:46.977257
U214,P108,0,0,0,68,0,2026-02-10 15:52:46.977270
U222,P363,1,0,1,112,1,2026-01-25 03:52:46.977286
U250,P48,0,0,1,23,1,2026-01-24 22:52:46.977298
U33,P44,0,1,0,116,0,2026-02-02 01:52:46.977311
U287,P364,0,1,1,48,1,2026-02-01 10:52:46.977324
U121,P433,1,1,1,64,0,2026-02-13 16:52:46.977338
U91,P200,1,1,1,68,1,2026-01-31 13:52:46.977351
U71,P78,1,1,0,47,1,2026-02-13 16:52:46.977364
U213,P111,1,0,0,50,1,2026-02-13 14:52:46.977377
U130,P61,0,1,1,56,1,2026-01-26 10:52:46.977390
U67,P249,0,0,1,48,0,2026-01-26 13:52:46.977403
U284,P475,1,1,0,40,1,2026-02-09 05:52:46.977415
U191,P409,1,1,0,51,1,2026-02-13 08:52:46.977428
U158,P348,0,0,1,30,0,2026-02-07 23:52:46.977441
U257,P165,0,0,1,13,0,2026-02-12 06:52:46.977455
U213,P479,0,0,1,90,1,2026-02-06 05:52:46.977468
U6,P309,1,1,0,77,1,2026-02-04 13:52:46.977480
U270,P428,0,1,1,56,1,2026-02-13 03:52:46.977495
U53,P365,0,0,0,12,0,2026-02-09 08:52:46.977508
U106,P419,0,0,0,100,1,2026-02-03 08:52:46.977521
U16,P273,1,1,1,100,1,2026-02-06 17:52:46.977533
U20,P112,1,1,1,115,1,2026-02-14 04:52:46.977546
U58,P93,0,0,1,108,1,2026-01-30 01:52:46.977559
U103,P50,1,1,1,92,1,2026-02-13 15:52:46.977571
U133,P425,1,1,1,84,0,2026-02-05 22:52:46.977584
U80,P71,0,1,1,48,0,2026-02-12 20:52:46.977597
U300,P276,0,0,1,11,1,2026-02-04 05:52:46.977610
U24,P214,1,1,1,108,0,2026-02-11 23:52:46.977623
U294,P330,1,0,1,49,0,2026-02-05 23:52:46.977636
U216,P481,0,1,0,80,1,2026-02-13 02:52:46.977649
U166,P318,1,0,0,107,1,2026-01-31 08:52:46.977662
U104,P414,0,0,0,17,1,2026-01-30 09:52:46.977675
U125,P25,1,1,1,22,0,2026-02-13 10:52:46.977688
U170,P274,1,0,1,25,1,2026-02-12 16:52:46.977703
U177,P342,0,0,0,13,1,2026-01-27 09:52:46.977716
U46,P392,0,0,0,67,1,2026-01-27 07:52:46.977730
U233,P94,0,0,1,30,1,2026-02-12 07:52:46.977743
U46,P459,1,0,0,76,0,2026-02-13 01:52:46.977755
U157,P343,1,0,0,81,1,2026-02-06 22:52:46.977768
U114,P389,0,0,1,63,0,2026-02-01 02:52:46.977813
U239,P234,0,0,0,17,1,2026-02-09 12:52:46.977826
U109,P362,0,0,0,66,0,2026-02-13 13:52:46.977839
U44,P442,1,1,1,112,0,2026-01-28 14:52:46.977852
U260,P312,1,1,1,38,0,2026-02-10 06:52:46.977865
U56,P32,1,0,1,13,0,2026-01-30 04:52:46.977878
U200,P334,0,0,0,59,1,2026-01-26 20:52:46.977891
U141,P126,0,1,1,54,0,2026-02-12 05:52:46.977908
U78,P30,0,1,1,45,1,2026-02-02 11:52:46.977921
U50,P258,0,1,1,18,1,2026-02-04 11:52:46.977935
U128,P104,1,0,0,93,0,2026-01-25 05:52:46.977949
U268,P241,0,0,1,116,0,2026-02-10 06:52:46.977963
U293,P25,1,0,1,47,0,2026-02-03 19:52:46.977976
U87,P142,1,0,0,64,0,2026-01-28 17:52:46.977989
U141,P356,0,1,1,67,1,2026-01-29 05:52:46.978002
U254,P180,1,1,0,12,1,2026-02-04 20:52:46.978015
U34,P236,0,1,1,61,0,2026-01-27 07:52:46.978028
U22,P343,1,0,0,55,1,2026-02-08 16:52:46.978041
U13,P28,1,1,0,84,1,2026-01-30 16:52:46.978054
U280,P354,0,1,0,72,1,2026-02-07 03:52:46.978067
U86,P133,1,1,1,91,1,2026-02-03 17:52:46.978080
U15,P223,0,0,0,57,0,2026-02-10 12:52:46.978093
U125,P113,0,0,0,116,1,2026-02-07 23:52:46.978105
U68,P221,0,0,1,34,0,2026-02-13 09:52:46.978119
U289,P489,1,1,1,90,0,2026-02-08 14:52:46.978132
U173,P363,0,0,1,84,1,2026-02-13 18:52:46.978145
U287,P256,1,1,0,82,0,2026-02-07 01:52:46.978162
U96,P306,0,0,0,5,0,2026-02-06 18:52:46.978175
U64,P132,0,1,1,67,1,2026-01-27 00:52:46.978188
U109,P273,1,0,1,62,1,2026-01-27 16:52:46.978200
U79,P460,0,0,0,83,1,2026-02-11 07:52:46.978213
U17,P496,0,0,1,77,0,2026-02-11 08:52:46.978226
U215,P161,1,1,1,21,0,2026-02-10 18:52:46.978238
U269,P494,0,1,0,10,0,2026-01-30 15:52:46.978252
U110,P483,0,1,0,23,0,2026-01-25 09:52:46.978265
U87,P68,1,0,1,95,0,2026-02-04 19:52:46.978278
U196,P248,1,1,0,116,0,2026-02-05 22:52:46.978291
U178,P436,1,1,1,23,0,2026-02-01 00:52:46.978304
U20,P106,0,1,1,85,1,2026-01-28 16:52:46.978316
U10,P321,1,1,1,25,1,2026-02-02 19:52:46.978330
U194,P432,1,0,0,58,1,2026-01-25 16:52:46.978343
U26,P34,1,1,1,59,0,2026-02-04 03:52:46.978356
U54,P462,1,0,0,85,0,2026-01-28 11:52:46.978372
U62,P46,0,0,0,19,0,2026-01-25 13:52:46.978385
U192,P447,1,1,1,108,0,2026-01-31 15:52:46.978398
U194,P141,1,0,0,13,0,2026-02-02 03:52:46.978412
U209,P475,0,0,0,90,0,2026-01-31 21:52:46.978425
U152,P455,1,1,1,27,0,2026-02-03 14:52:46.978449
U141,P343,1,1,0,118,0,2026-02-06 04:52:46.978463
U118,P5,1,1,0,25,1,2026-02-08 21:52:46.978477
U124,P146,0,1,1,28,1,2026-02-09 14:52:46.978490
U116,P188,0,0,1,27,1,2026-01-26 09:52:46.978504
U162,P120,1,1,0,103,0,2026-02-01 19:52:46.978517
U151,P326,1,1,1,21,0,2026-02-11 12:52:46.978530
U69,P121,0,1,0,54,0,2026-02-03 01:52:46.978544
U103,P431,0,1,0,31,1,2026-01-30 21:52:46.978558
U62,P300,0,0,1,59,1,2026-02-01 14:52:46.978580
U258,P253,1,1,0,43,0,2026-02-07 13:52:46.978594
U166,P205,0,1,1,63,1,2026-02-03 21:52:46.978606
U55,P404,0,0,1,9,1,2026-01-28 06:52:46.978633
U138,P174,1,0,0,30,0,2026-02-04 03:52:46.978656
U285,P27,1,1,1,78,1,2026-01-30 03:52:46.978669
U69,P458,1,0,1,106,0,2026-01-24 21:52:46.978682
U95,P446,0,0,0,6,1,2026-01-24 22:52:46.978696
U236,P162,1,1,0,72,0,2026-01-24 17:52:46.978709
U125,P170,0,0,0,53,1,2026-02-02 00:52:46.978722
U162,P201,1,1,1,23,1,2026-02-12 13:52:46.978735
U273,P188,0,0,1,85,0,2026-02-09 18:52:46.978748
U65,P365,0,1,0,114,0,2026-02-13 05:52:46.978761
U28,P62,0,0,0,24,0,2026-01-27 16:52:46.978774
U218,P399,0,1,1,17,1,2026-02-14 02:52:46.978787
U193,P73,0,0,1,30,0,2026-01-26 21:52:46.978800
U34,P137,1,1,0,17,0,2026-01-27 12:52:46.978813
U257,P89,1,0,1,104,0,2026-02-06 17:52:46.978826
U10,P284,0,1,1,31,1,2026-02-08 09:52:46.978843
U176,P323,1,0,1,99,0,2026-01-26 06:52:46.978855
U292,P398,1,1,1,7,0,2026-02-09 15:52:46.978868
U67,P382,1,0,0,80,1,2026-01-31 16:52:46.978881
U10,P489,0,0,1,103,0,2026-02-02 05:52:46.978894
U112,P486,1,0,0,74,1,2026-01-26 23:52:46.978907
U109,P428,1,1,0,72,0,2026-02-05 16:52:46.978920
U182,P491,0,0,1,15,1,2026-02-03 13:52:46.978933
U219,P297,0,1,0,7,1,2026-02-07 17:52:46.978946
U151,P176,0,1,1,111,1,2026-02-08 15:52:46.978958
U276,P395,1,1,0,25,1,2026-02-04 05:52:46.978974
U13,P342,0,0,1,32,0,2026-01-24 15:52:46.978987
U146,P159,1,0,1,41,0,2026-02-13 15:52:46.979000
U232,P316,1,0,0,115,1,2026-01-28 00:52:46.979013
U30,P115,1,1,1,87,0,2026-02-05 04:52:46.979025
U215,P221,0,0,0,14,0,2026-02-09 05:52:46.979038
U128,P211,0,1,0,73,1,2026-02-13 15:52:46.979053
U50,P410,1,0,0,20,0,2026-01-31 07:52:46.979066
U56,P105,1,1,1,21,0,2026-01-27 17:52:46.979079
U38,P357,1,1,0,52,1,2026-02-04 12:52:46.979092
U36,P413,1,1,1,60,1,2026-02-03 14:52:46.979105
U228,P114,0,0,1,86,0,2026-02-02 16:52:46.979118
U69,P326,1,0,1,80,1,2026-01-27 20:52:46.979131
U36,P417,0,0,0,95,1,2026-02-03 21:52:46.979144
U101,P190,1,1,1,70,1,2026-02-02 15:52:46.979157
U17,P263,0,1,1,41,1,2026-02-10 05:52:46.979173
U1,P409,1,1,1,57,0,2026-01-26 21:52:46.979186
U8,P443,0,0,1,22,0,2026-01-30 23:52:46.979199
U272,P322,0,1,0,95,1,2026-02-10 20:52:46.979212
U70,P115,0,1,1,42,1,2026-02-05 14:52:46.979226
U111,P303,1,0,0,95,0,2026-02-08 21:52:46.979239
U185,P229,0,0,1,64,0,2026-02-11 07:52:46.979252
U70,P110,0,1,1,97,0,2026-02-10 12:52:46.979267
U137,P131,1,1,0,95,1,2026-01-25 05:52:46.979279
U129,P57,0,1,1,55,1,2026-01-26 02:52:46.979292
U218,P104,0,0,0,94,1,2026-02-12 00:52:46.979306
U187,P364,1,1,1,53,1,2026-01-28 02:52:46.979318
U211,P25,1,0,1,28,1,2026-02-11 17:52:46.979332
U66,P398,0,1,1,100,1,2026-02-06 21:52:46.979344
U39,P168,1,0,1,81,1,2026-02-13 21:52:46.979357
U282,P396,0,0,1,95,1,2026-02-04 08:52:46.979370
U49,P115,0,0,0,43,0,2026-02-05 22:52:46.979383
U71,P500,0,1,1,71,0,2026-02-08 11:52:46.979396
U242,P455,0,0,1,105,0,2026-02-10 14:52:46.979408
U185,P91,1,1,0,31,1,2026-01-29 20:52:46.979421
U4,P88,0,1,0,46,0,2026-02-10 10:52:46.979435
U259,P412,0,0,0,14,0,2026-01-25 15:52:46.979447
U126,P369,0,1,0,91,1,2026-01-26 01:52:46.979460
U20,P369,0,1,0,33,1,2026-01-25 08:52:46.979476
U269,P3,1,1,1,106,1,2026-02-01 16:52:46.979489
U133,P312,0,1,0,36,0,2026-02-03 00:52:46.979502
U25,P469,1,0,0,32,1,2026-02-01 03:52:46.979515
U276,P418,0,1,1,107,0,2026-02-11 20:52:46.979528
U185,P459,1,0,1,49,1,2026-02-02 00:52:46.979541
U252,P374,1,1,1,114,1,2026-01-27 19:52:46.979553
U191,P334,1,0,1,88,0,2026-02-01 14:52:46.979566
U44,P105,1,1,1,57,1,2026-02-06 17:52:46.979578
U292,P264,1,1,1,20,0,2026-02-09 05:52:46.979591
U253,P60,1,0,0,25,0,2026-02-10 20:52:46.979604
U289,P31,1,1,1,25,1,2026-01-26 12:52:46.979616
U132,P324,1,1,0,13,1,2026-02-09 10:52:46.979629
U4,P325,0,0,0,20,1,2026-01-25 00:52:46.979642
U72,P304,1,0,0,64,1,2026-02-09 18:52:46.979655
U208,P389,1,0,0,69,0,2026-01-31 03:52:46.979668
U175,P451,1,1,1,77,0,2026-02-01 13:52:46.979683
U163,P438,0,0,0,114,0,2026-02-13 13:52:46.979696
U296,P356,0,1,1,115,0,2026-02-01 16:52:46.979709
U6,P220,0,1,0,53,0,2026-01-30 07:52:46.979722
U107,P295,1,0,1,105,0,2026-02-10 19:52:46.979735
U54,P240,1,1,0,41,1,2026-02-01 23:52:46.979748
U7,P78,1,0,1,71,0,2026-02-01 17:52:46.979761
U287,P171,0,1,0,86,0,2026-02-05 12:52:46.979774
U209,P445,0,1,1,33,1,2026-01-25 03:52:46.979787
U116,P490,0,1,0,107,1,2026-02-10 10:52:46.979799
U53,P218,1,0,1,48,1,2026-02-14 03:52:46.979812
U57,P290,0,1,1,56,0,2026-02-07 16:52:46.979825
U35,P75,1,0,0,79,0,2026-02-10 23:52:46.979838
U255,P265,0,1,0,97,0,2026-02-07 09:52:46.979851
U220,P172,1,1,1,67,0,2026-02-05 06:52:46.979864
U86,P474,1,1,1,23,0,2026-02-11 12:52:46.979877
U146,P434,1,1,1,9,0,2026-01-30 12:52:46.979892
U94,P106,0,1,0,62,0,2026-02-05 09:52:46.979906
U8,P497,0,1,0,98,1,2026-02-10 10:52:46.979919
U236,P474,0,1,1,104,1,2026-02-06 04:52:46.979931
U187,P271,1,0,0,59,1,2026-02-11 12:52:46.979944
U172,P272,1,1,1,22,0,2026-02-05 12:52:46.979956
U286,P10,0,1,1,89,1,2026-02-08 15:52:46.979969
U297,P171,0,0,1,62,1,2026-02-11 17:52:46.979982
U88,P27,1,1,1,28,1,2026-02-09 16:52:46.979995
U74,P66,1,1,1,22,0,2026-01-30 07:52:46.980008
U237,P215,1,1,1,25,1,2026-01-28 19:52:46.980020
U107,P141,1,0,1,43,1,2026-01-29 08:52:46.980033
U118,P290,0,0,0,9,0,2026-02-01 11:52:46.980046
U51,P52,1,0,1,12,0,2026-02-12 08:52:46.980059
U245,P284,0,0,0,69,1,2026-01-31 04:52:46.980072
U62,P62,1,1,0,28,0,2026-01-29 09:52:46.980087
U277,P94,0,0,1,17,0,2026-01-29 02:52:46.980100
U163,P275,1,1,1,85,0,2026-01-31 17:52:46.980113
U173,P488,0,1,0,70,0,2026-02-11 11:52:46.980126
U45,P87,1,0,0,7,1,2026-02-05 16:52:46.980139
U178,P419,1,1,0,44,1,2026-01-26 11:52:46.980152
U172,P407,1,1,0,39,0,2026-02-13 00:52:46.980165
U263,P221,0,0,0,101,1,2026-02-11 01:52:46.980178
U176,P10,0,0,1,94,0,2026-02-04 11:52:46.980191
U252,P295,1,0,1,10,0,2026-02-11 04:52:46.980204
U36,P387,0,1,1,117,1,2026-01-27 11:52:46.980217
U44,P91,0,1,1,97,0,2026-01-31 02:52:46.980230
U83,P333,0,1,1,25,1,2026-01-29 13:52:46.980243
U130,P175,1,1,0,75,1,2026-02-12 03:52:46.980256
U95,P279,0,0,1,18,1,2026-01-29 09:52:46.980270
U13,P3,1,1,1,100,1,2026-02-06 22:52:46.980283
U90,P408,0,0,1,71,0,2026-01-27 06:52:46.980296
U213,P410,0,0,1,72,1,2026-02-01 10:52:46.980310
U235,P257,1,0,0,11,0,2026-02-09 09:52:46.980323
U52,P376,0,0,0,18,1,2026-01-25 21:52:46.980336
U46,P332,0,1,1,28,0,2026-01-24 15:52:46.980349
U18,P86,0,0,1,108,1,2026-01-28 16:52:46.980361
U178,P357,1,0,0,40,0,2026-01-30 09:52:46.980374
U281,P395,1,1,0,33,1,2026-02-12 03:52:46.980387
U261,P456,1,0,1,92,1,2026-02-01 04:52:46.980400
U26,P262,1,1,1,16,0,2026-02-14 02:52:46.980413
U63,P236,1,1,0,10,0,2026-02-13 11:52:46.980426
U80,P215,0,0,0,7,1,2026-02-03 14:52:46.980438
U72,P38,1,1,1,99,0,2026-02-04 00:52:46.980451
U191,P298,1,1,1,81,0,2026-02-05 22:52:46.980464
U165,P242,1,1,0,48,0,2026-02-06 01:52:46.980478
U204,P467,1,1,0,21,1,2026-02-13 20:52:46.980490
U249,P437,0,0,0,13,1,2026-02-09 06:52:46.980503
U41,P399,1,0,0,12,0,2026-01-25 05:52:46.980518
U134,P181,1,0,0,76,1,2026-02-09 12:52:46.980531
U107,P290,0,0,0,23,0,2026-01-27 22:52:46.980545
U210,P296,1,0,1,104,0,2026-01-27 16:52:46.980558
U109,P377,1,1,1,109,1,2026-01-29 16:52:46.980571
U27,P456,1,0,0,13,1,2026-02-01 16:52:46.980584
U32,P45,0,1,1,42,1,2026-02-14 04:52:46.980597
U249,P261,0,0,1,69,1,2026-02-05 20:52:46.980611
U222,P152,1,1,1,93,1,2026-02-02 12:52:46.980624
U202,P483,0,0,1,17,1,2026-01-24 11:52:46.980637
U43,P57,1,1,1,86,1,2026-02-04 21:52:46.980650
U27,P128,1,0,0,75,1,2026-02-07 20:52:46.980663
U67,P90,1,1,1,83,1,2026-01-30 16:52:46.980676
U246,P272,0,0,0,55,1,2026-01-26 19:52:46.980691
U172,P16,0,1,1,60,0,2026-02-09 22:52:46.980704
U284,P193,0,1,1,104,1,2026-02-03 00:52:46.980717
U86,P320,1,1,0,83,1,2026-02-06 23:52:46.980733
U106,P63,1,1,0,85,0,2026-02-08 21:52:46.980747
U183,P243,0,1,1,75,0,2026-01-30 23:52:46.980760
U154,P245,1,0,1,51,0,2026-01-27 15:52:46.980773
U149,P398,1,1,0,113,0,2026-01-26 07:52:46.980787
U262,P244,1,1,0,109,0,2026-02-08 07:52:46.980800
U37,P8,0,0,0,44,0,2026-01-30 17:52:46.980814
U18,P313,0,1,1,90,1,2026-01-26 00:52:46.980827
U215,P281,1,1,0,37,1,2026-02-06 03:52:46.980840
U158,P465,1,1,1,90,0,2026-01-27 05:52:46.980854
U296,P179,1,0,1,35,1,2026-01-27 14:52:46.980867
U63,P48,0,1,0,16,1,2026-01-26 21:52:46.980880
U274,P411,1,1,1,56,1,2026-02-11 00:52:46.980894
U221,P393,1,1,0,81,0,2026-02-07 09:52:46.980907
U9,P175,1,0,1,61,1,2026-01-24 23:52:46.980921
U250,P57,1,1,1,66,1,2026-01-25 05:52:46.980934
U56,P279,0,1,1,76,0,2026-02-07 15:52:46.980950
U249,P186,1,1,1,112,0,2026-02-03 17:52:46.980963
U15,P370,1,1,0,89,0,2026-02-07 05:52:46.980977
U253,P441,1,0,0,20,1,2026-01-30 11:52:46.980990
U111,P1,0,1,0,40,1,2026-02-07 12:52:46.981003
U161,P359,1,1,0,64,0,2026-01-25 14:52:46.981016
U218,P30,0,0,1,43,1,2026-02-12 08:52:46.981029
U78,P337,1,0,1,60,1,2026-02-09 09:52:46.981043
U269,P404,0,1,0,72,1,2026-02-12 19:52:46.981056
U284,P306,1,0,0,98,1,2026-02-06 18:52:46.981069
U47,P282,1,1,1,88,0,2026-01-29 11:52:46.981082
U202,P445,0,0,0,56,0,2026-01-24 16:52:46.981096
U134,P330,1,1,1,32,1,2026-02-09 08:52:46.981109
U114,P75,1,0,0,6,0,2026-02-04 14:52:46.981123
U105,P165,0,1,1,39,1,2026-02-04 00:52:46.981136
U287,P383,0,0,1,28,1,2026-01-27 14:52:46.981149
U182,P423,0,0,1,52,0,2026-01-27 21:52:46.981165
U175,P494,0,1,1,50,0,2026-02-09 04:52:46.981178
U145,P42,0,0,1,21,0,2026-02-13 15:52:46.981191
U189,P360,0,0,1,40,1,2026-02-12 16:52:46.981204
U14,P411,0,0,0,114,0,2026-02-09 23:52:46.981217
U83,P44,1,1,0,79,1,2026-02-08 17:52:46.981232
U267,P287,0,1,1,60,1,2026-02-04 00:52:46.981246
U21,P110,1,1,1,95,1,2026-02-04 14:52:46.981259
U8,P444,1,0,1,20,0,2026-01-28 16:52:46.981272
U87,P204,0,0,1,100,0,2026-02-04 04:52:46.981285
U258,P109,1,0,1,96,0,2026-02-09 18:52:46.981299
U69,P97,1,1,0,12,1,2026-02-06 08:52:46.981312
U81,P108,0,0,1,94,0,2026-01-31 13:52:46.981325
U43,P187,1,1,0,39,0,2026-02-05 01:52:46.981338
U4,P121,1,0,1,55,0,2026-02-01 06:52:46.981351
U229,P276,1,1,1,113,1,2026-02-04 05:52:46.981364
U146,P252,0,0,1,76,0,2026-02-05 14:52:46.981381
U173,P141,1,1,1,17,1,2026-02-11 11:52:46.981394
U147,P429,0,1,1,10,1,2026-02-08 17:52:46.981408
U243,P439,0,1,1,31,0,2026-02-08 18:52:46.981420
U225,P258,1,1,0,64,0,2026-02-13 05:52:46.981433
U271,P95,1,1,1,10,1,2026-02-10 20:52:46.981445
U274,P276,0,1,0,84,1,2026-02-12 14:52:46.981457
U288,P124,1,0,0,114,1,2026-02-10 04:52:46.981469
U191,P74,0,0,0,53,1,2026-01-31 04:52:46.981481
U210,P116,0,1,1,17,0,2026-02-01 04:52:46.981494
U190,P182,1,1,0,56,0,2026-02-09 20:52:46.981506
U163,P67,1,0,1,85,0,2026-02-08 02:52:46.981519
U222,P343,0,0,0,82,1,2026-02-01 22:52:46.981531
U241,P18,1,1,0,36,0,2026-01-27 13:52:46.981544
U27,P2,0,1,0,90,1,2026-01-30 02:52:46.981557
U239,P13,1,1,1,82,1,2026-02-04 15:52:46.981570
U28,P320,0,1,1,60,0,2026-01-29 14:52:46.981584
U41,P484,1,1,0,34,1,2026-02-10 17:52:46.981597
U46,P440,0,1,0,94,0,2026-01-26 23:52:46.981609
U136,P183,0,1,0,97,1,2026-02-10 23:52:46.981622
U178,P27,1,0,1,72,0,2026-02-13 11:52:46.981634
U295,P271,0,1,1,56,1,2026-02-11 05:52:46.981647
U28,P469,1,1,1,20,0,2026-01-28 12:52:46.981659
U201,P249,0,1,0,107,1,2026-02-08 09:52:46.981672
U83,P48,1,0,1,53,1,2026-02-10 22:52:46.981684
U64,P8,1,0,1,119,0,2026-01-26 04:52:46.981702
U198,P94,0,0,0,19,1,2026-01-26 06:52:46.981715
U75,P104,1,1,1,119,1,2026-02-12 14:52:46.981727
U273,P135,1,1,0,72,0,2026-02-01 10:52:46.981740
U47,P36,1,0,0,109,0,2026-02-08 03:52:46.981756
U65,P228,1,1,1,52,0,2026-02-12 10:52:46.981770
U244,P181,0,0,0,23,0,2026-02-09 10:52:46.981782
U299,P99,1,1,0,110,1,2026-01-26 08:52:46.981798
U244,P169,1,0,1,107,0,2026-01-25 13:52:46.981811
U253,P469,1,0,0,42,0,2026-02-11 05:52:46.981823
U263,P322,1,0,1,91,0,2026-02-01 23:52:46.981836
U125,P229,1,0,0,118,0,2026-02-13 06:52:46.981849
U106,P131,0,1,0,49,1,2026-01-30 23:52:46.981861
U285,P2,0,0,0,54,0,2026-01-31 20:52:46.981874
U108,P276,1,0,0,76,0,2026-02-06 22:52:46.981886
U123,P227,1,1,0,48,0,2026-02-03 16:52:46.981898
U146,P120,0,0,0,11,1,2026-02-09 19:52:46.981911
U300,P107,1,0,1,29,0,2026-02-03 04:52:46.981923
U202,P421,0,0,0,70,1,2026-02-10 16:52:46.981936
U280,P245,1,1,1,64,0,2026-01-29 03:52:46.981948
U247,P312,1,1,1,79,0,2026-02-04 10:52:46.981961
U81,P356,0,0,1,101,0,2026-01-31 20:52:46.981974
U139,P326,1,0,1,67,0,2026-02-09 20:52:46.981986
U250,P396,1,1,1,95,1,2026-01-31 02:52:46.982001
U133,P361,0,1,1,95,1,2026-02-01 12:52:46.982014
U234,P405,0,1,1,116,1,2026-02-11 19:52:46.982026
U183,P337,1,1,0,81,0,2026-02-05 04:52:46.982039
U262,P23,1,1,1,58,0,2026-02-03 02:52:46.982051
U134,P267,0,0,1,70,0,2026-02-10 02:52:46.982064
U247,P36,0,1,1,26,1,2026-02-03 06:52:46.982076
U271,P224,0,1,0,71,1,2026-01-26 07:52:46.982089
U250,P322,0,1,0,86,0,2026-01-27 09:52:46.982101
U13,P346,1,1,1,13,0,2026-02-05 08:52:46.982114
U48,P49,0,1,1,111,1,2026-02-04 19:52:46.982127
U108,P245,0,0,0,81,1,2026-02-01 08:52:46.982139
U49,P462,1,1,0,106,1,2026-01-26 17:52:46.982151
U90,P346,0,1,0,83,1,2026-02-08 00:52:46.982164
U146,P478,1,1,0,28,1,2026-01-29 03:52:46.982177
U111,P108,0,0,1,18,1,2026-02-11 01:52:46.982190
U84,P343,1,1,1,62,1,2026-02-01 20:52:46.982204
U94,P57,1,1,1,117,1,2026-02-13 13:52:46.982217
U78,P346,1,1,0,70,1,2026-02-11 09:52:46.982229
U193,P55,1,0,1,44,0,2026-02-13 04:52:46.982242
U131,P325,1,1,1,44,1,2026-01-27 15:52:46.982255
U263,P478,1,1,0,107,0,2026-01-24 21:52:46.982268
U161,P161,1,1,1,61,1,2026-01-25 23:52:46.982280
U100,P294,1,1,0,96,0,2026-02-10 04:52:46.982293
U6,P169,0,0,1,7,0,2026-02-12 06:52:46.982306
U99,P14,1,0,1,30,0,2026-01-28 17:52:46.982319
U258,P145,0,1,1,116,1,2026-02-04 12:52:46.982333
U171,P21,0,0,1,89,0,2026-02-05 08:52:46.982346
U188,P172,1,0,0,107,0,2026-01-29 16:52:46.982358
U149,P72,1,1,1,78,0,2026-02-07 04:52:46.982371
U249,P280,1,1,1,100,1,2026-02-04 20:52:46.982384
U38,P44,0,1,0,63,0,2026-01-27 19:52:46.982396
U210,P23,1,1,0,86,1,2026-02-01 14:52:46.982411
U169,P175,0,1,0,113,0,2026-02-04 01:52:46.982424
U280,P228,1,0,1,32,1,2026-02-13 06:52:46.982449
U207,P420,0,1,0,107,1,2026-01-27 18:52:46.982463
U228,P202,1,0,0,42,0,2026-02-06 10:52:46.982476
U43,P359,1,1,0,72,1,2026-02-09 02:52:46.982488
U173,P336,0,1,0,33,1,2026-02-05 07:52:46.982501
U26,P427,1,0,0,20,1,2026-02-04 15:52:46.982513
U59,P96,1,1,1,12,1,2026-02-02 10:52:46.982526
U120,P430,0,0,0,90,1,2026-02-13 17:52:46.982539
U87,P435,0,0,0,14,1,2026-02-11 03:52:46.982551
U102,P425,0,0,0,81,0,2026-02-08 07:52:46.982564
U73,P328,0,1,1,7,0,2026-02-09 14:52:46.982576
U232,P161,1,0,0,38,1,2026-02-12 03:52:46.982589
U175,P302,1,0,0,55,1,2026-01-30 19:52:46.982602
U81,P374,1,0,0,52,1,2026-02-03 20:52:46.982615
U147,P481,0,0,0,47,0,2026-02-10 07:52:46.982630
U186,P392,1,1,1,17,1,2026-02-02 19:52:46.982643
U298,P51,1,0,1,20,0,2026-02-14 02:52:46.982655
U254,P475,0,1,1,102,0,2026-02-07 23:52:46.982668
U279,P59,1,0,1,119,1,2026-02-11 20:52:46.982680
U60,P329,1,0,0,114,0,2026-01-29 16:52:46.982693
U208,P63,1,0,0,29,1,2026-02-06 20:52:46.982705
U63,P429,0,0,0,101,0,2026-02-11 08:52:46.982718
U9,P236,1,1,0,30,1,2026-02-01 21:52:46.982730
U134,P27,1,1,0,89,1,2026-02-12 23:52:46.982743
U99,P387,1,1,0,34,0,2026-02-12 15:52:46.982755
U60,P294,1,0,1,56,0,2026-02-09 13:52:46.982769
U230,P444,0,0,0,119,1,2026-01-26 20:52:46.982781
U166,P140,0,1,1,117,1,2026-02-05 20:52:46.982794
U259,P255,0,0,0,13,1,2026-01-31 02:52:46.982807
U87,P219,0,0,1,80,0,2026-02-13 02:52:46.982819
U290,P289,1,0,1,54,1,2026-01-27 13:52:46.982834
U227,P351,1,0,1,90,0,2026-02-12 12:52:46.982847
U191,P79,0,1,1,20,1,2026-01-26 11:52:46.982859
U142,P251,1,1,1,104,0,2026-02-01 05:52:46.982872
U43,P120,1,1,1,52,1,2026-02-10 17:52:46.982884
U31,P161,1,0,1,77,1,2026-01-28 12:52:46.982897
U52,P45,0,1,1,85,0,2026-02-12 15:52:46.982910
U231,P478,1,1,0,105,0,2026-02-06 11:52:46.982922
U201,P390,0,0,1,96,1,2026-02-04 01:52:46.982935
U258,P58,1,1,0,110,1,2026-01-28 20:52:46.982947
U193,P333,1,0,1,102,0,2026-01-29 08:52:46.982960
U47,P270,1,0,0,51,0,2026-02-13 10:52:46.982972
U101,P37,0,1,1,61,1,2026-02-13 01:52:46.982985
U36,P372,1,1,0,39,1,2026-02-10 23:52:46.982998
U167,P90,1,1,1,88,0,2026-02-03 06:52:46.983011
U273,P342,1,1,1,16,1,2026-02-01 05:52:46.983024
U174,P431,1,0,0,20,0,2026-02-03 11:52:46.983039
U244,P348,0,0,1,31,0,2026-02-07 04:52:46.983051
U47,P43,0,1,0,5,1,2026-01-26 20:52:46.983064
U144,P378,1,1,1,26,0,2026-01-31 09:52:46.983076
U147,P345,1,0,0,38,0,2026-02-09 02:52:46.983089
U74,P239,0,0,1,105,0,2026-02-06 17:52:46.983101
U188,P308,0,1,1,30,0,2026-02-05 03:52:46.983114
U10,P17,0,1,1,116,0,2026-02-13 02:52:46.983126
U71,P176,1,1,1,13,1,2026-02-13 06:52:46.983139
U240,P73,0,1,0,85,1,2026-02-05 22:52:46.983151
U43,P488,0,1,0,67,1,2026-02-01 17:52:46.983164
U296,P135,1,0,0,63,0,2026-01-30 06:52:46.983176
U241,P465,1,1,1,66,1,2026-02-09 12:52:46.983189
U146,P216,1,1,1,64,1,2026-02-03 11:52:46.983202
U194,P347,1,1,0,60,1,2026-02-04 21:52:46.983215
U220,P311,1,1,0,8,1,2026-02-12 17:52:46.983227
U178,P387,0,0,0,66,1,2026-02-11 15:52:46.983250
U69,P147,0,1,1,103,0,2026-01-25 21:52:46.983263
U230,P370,1,0,1,60,1,2026-02-02 23:52:46.983275
U206,P281,1,1,0,83,1,2026-02-10 19:52:46.983288
U250,P193,1,0,1,78,1,2026-02-09 02:52:46.983301
U216,P290,0,1,0,44,0,2026-02-08 22:52:46.983313
U289,P452,0,0,1,9,1,2026-01-29 09:52:46.983326
U299,P370,0,0,0,17,1,2026-01-28 05:52:46.983339
U139,P52,0,0,0,17,1,2026-01-25 10:52:46.983351
U264,P312,0,1,0,74,1,2026-01-26 17:52:46.983364
U169,P149,0,1,1,46,1,2026-02-05 19:52:46.983376
U244,P157,1,0,0,34,1,2026-01-27 00:52:46.983389
U238,P19,0,0,0,50,1,2026-02-05 08:52:46.983411
U104,P192,0,0,0,75,0,2026-02-06 04:52:46.983424
U37,P377,1,1,1,63,1,2026-02-03 20:52:46.983437
U240,P374,0,0,0,80,0,2026-01-30 15:52:46.983452
U176,P262,0,0,0,20,1,2026-01-31 08:52:46.983467
U300,P426,1,0,1,68,0,2026-02-08 18:52:46.983480
U9,P459,0,0,1,46,1,2026-02-06 23:52:46.983492
U73,P84,0,0,1,26,0,2026-01-31 22:52:46.983505
U61,P64,0,1,0,5,0,2026-02-09 19:52:46.983518
U122,P318,1,0,1,50,0,2026-02-09 12:52:46.983530
U70,P160,1,0,1,115,0,2026-02-03 22:52:46.983543
U31,P12,0,1,1,42,0,2026-02-06 03:52:46.983555
U133,P395,1,0,0,39,1,2026-01-27 16:52:46.983568
U203,P96,0,0,0,76,1,2026-02-02 17:52:46.983580
U106,P482,1,1,0,72,1,2026-02-09 03:52:46.983593
U137,P80,1,1,0,72,0,2026-02-11 18:52:46.983605
U41,P38,0,0,1,25,0,2026-02-14 02:52:46.983617
U293,P373,1,1,1,18,0,2026-02-04 06:52:46.983630
U263,P398,1,0,0,56,1,2026-01-27 19:52:46.983642
U129,P352,1,0,0,73,1,2026-02-05 07:52:46.983655
U80,P263,0,1,1,6,0,2026-02-02 23:52:46.983669
U287,P50,0,0,1,9,0,2026-02-04 13:52:46.983681
U261,P192,0,0,0,117,1,2026-01-30 13:52:46.983694
U36,P79,0,1,1,38,1,2026-02-13 12:52:46.983707
U204,P473,1,0,1,96,0,2026-02-05 11:52:46.983719
U78,P56,1,1,1,22,1,2026-01-25 20:52:46.983731
U135,P332,1,1,0,89,0,2026-02-10 18:52:46.983744
U109,P44,0,1,1,8,0,2026-01-24 10:52:46.983756
U18,P93,0,1,1,84,1,2026-01-25 13:52:46.983769
U172,P51,0,1,1,101,1,2026-02-08 08:52:46.983781
U189,P493,1,1,1,55,1,2026-01-30 21:52:46.983794
U236,P33,0,0,1,86,0,2026-02-11 06:52:46.983806
U216,P79,0,1,0,56,1,2026-02-03 09:52:46.983819
U260,P5,0,1,0,108,0,2026-01-30 08:52:46.983832
U13,P142,1,1,0,86,0,2026-01-27 09:52:46.983845
U236,P338,1,0,1,54,1,2026-02-08 07:52:46.983858
U271,P16,1,1,1,86,0,2026-02-04 09:52:46.983873
U148,P177,1,0,0,110,0,2026-02-04 15:52:46.983890
U227,P371,1,0,1,59,0,2026-02-13 21:52:46.983903
U128,P32,0,0,1,89,1,2026-02-05 01:52:46.983917
U240,P106,1,1,0,46,0,2026-01-29 23:52:46.983930
U9,P459,0,1,0,53,1,2026-02-06 02:52:46.983944
U11,P306,0,0,1,19,0,2026-01-31 10:52:46.983957
U31,P348,1,1,1,29,1,2026-02-10 09:52:46.983970
U129,P443,0,1,1,114,1,2026-02-04 17:52:46.983984
U194,P18,0,0,0,24,1,2026-02-08 22:52:46.983997
U75,P62,1,1,1,62,1,2026-02-07 07:52:46.984010
U183,P28,1,1,0,85,1,2026-01-27 10:52:46.984023
U96,P122,1,1,1,56,1,2026-01-28 01:52:46.984037
U137,P277,1,1,0,98,0,2026-02-01 21:52:46.984051
U184,P260,0,0,1,29,0,2026-01-31 15:52:46.984064
U261,P115,0,1,0,19,1,2026-02-03 20:52:46.984077
U105,P263,1,1,0,119,0,2026-02-07 08:52:46.984090
U83,P295,1,0,0,61,1,2026-01-31 04:52:46.984103
U127,P191,0,0,0,14,0,2026-02-10 14:52:46.984117
U67,P62,0,1,0,111,1,2026-02-06 11:52:46.984130
U178,P377,0,0,1,25,0,2026-02-03 15:52:46.984142
U29,P352,1,1,0,51,0,2026-02-12 03:52:46.984155
U215,P479,1,1,0,71,0,2026-02-12 00:52:46.984169
U130,P324,0,0,0,101,1,2026-02-08 14:52:46.984182
U147,P172,0,0,0,87,0,2026-02-02 11:52:46.984195
U172,P12,1,0,1,18,1,2026-02-02 07:52:46.984208
U172,P468,1,0,1,63,1,2026-02-12 01:52:46.984221
U189,P120,0,1,0,45,0,2026-01-30 01:52:46.984234
U165,P321,1,0,1,12,0,2026-02-13 11:52:46.984248
U173,P477,1,0,0,86,1,2026-01-29 06:52:46.984261
U164,P481,0,1,0,38,1,2026-02-08 04:52:46.984275
U71,P465,1,1,0,26,0,2026-01-30 08:52:46.984288
U15,P242,1,0,0,25,0,2026-01-30 07:52:46.984301
U219,P113,1,0,1,48,0,2026-01-26 11:52:46.984314
U218,P226,1,0,1,38,1,2026-01-31 02:52:46.984327
U265,P199,1,0,0,67,1,2026-01-27 18:52:46.984340
U207,P174,1,0,0,91,1,2026-02-12 17:52:46.984353
U259,P482,0,1,0,108,0,2026-01-24 16:52:46.984367
U204,P253,1,1,0,71,0,2026-02-01 10:52:46.984380
U110,P8,0,1,0,67,1,2026-02-05 15:52:46.984393
U6,P119,0,0,1,103,0,2026-02-07 16:52:46.984406
U67,P459,0,1,1,118,0,2026-01-27 05:52:46.984419
U289,P484,0,0,1,61,1,2026-02-13 16:52:46.984432
U152,P428,0,1,1,100,0,2026-01-25 00:52:46.984445
U149,P367,1,0,0,64,0,2026-02-13 08:52:46.984459
U245,P390,0,0,1,62,1,2026-01-28 23:52:46.984472
U65,P342,1,1,0,7,1,2026-02-06 07:52:46.984485
U6,P6,0,1,0,6,1,2026-01-25 06:52:46.984498
U90,P312,1,1,0,74,0,2026-01-25 09:52:46.984516
U113,P30,1,1,0,59,1,2026-02-01 12:52:46.984530
U34,P105,1,0,1,35,0,2026-02-09 20:52:46.984543
U149,P272,1,0,1,51,1,2026-02-02 18:52:46.984557
U207,P453,0,0,0,118,0,2026-02-06 01:52:46.984571
U164,P176,0,0,1,48,0,2026-01-30 13:52:46.984588
U202,P168,1,1,1,67,0,2026-02-05 08:52:46.984601
U51,P112,0,1,1,19,0,2026-01-30 21:52:46.984614
U183,P332,1,1,1,46,1,2026-01-30 14:52:46.984628
U267,P118,1,0,0,115,1,2026-01-28 10:52:46.984641
U246,P346,1,1,1,87,0,2026-01-27 05:52:46.984655
U158,P58,1,0,0,66,1,2026-02-01 13:52:46.984668
U132,P421,1,0,1,74,0,2026-02-04 17:52:46.984681
U245,P203,0,1,1,51,1,2026-01-31 01:52:46.984695
U261,P286,0,1,1,50,0,2026-02-12 22:52:46.984708
U198,P91,1,0,0,32,1,2026-02-01 07:52:46.984722
U276,P338,1,0,0,68,0,2026-01-30 00:52:46.984737
U113,P273,1,0,1,44,1,2026-02-04 22:52:46.984749
U259,P273,0,1,1,94,0,2026-02-03 07:52:46.984762
U156,P200,0,1,1,49,1,2026-01-28 10:52:46.984775
U102,P285,0,0,1,14,0,2026-02-06 20:52:46.984788
U231,P29,0,0,0,55,0,2026-01-30 08:52:46.984801
U267,P214,1,1,0,10,0,2026-02-11 15:52:46.984814
U133,P137,1,1,0,96,0,2026-02-05 16:52:46.984827
U253,P38,0,0,0,95,1,2026-02-12 07:52:46.984840
U166,P305,0,0,0,85,1,2026-02-01 22:52:46.984853
U158,P405,0,0,1,12,0,2026-02-12 23:52:46.984866
U115,P8,0,0,1,63,0,2026-01-27 23:52:46.984879
U36,P311,1,0,0,82,0,2026-01-26 23:52:46.984892
U30,P39,0,0,1,20,1,2026-01-26 06:52:46.984905
U247,P247,0,0,0,39,0,2026-01-28 01:52:46.984918
U7,P446,1,1,1,55,1,2026-02-02 17:52:46.984931
U96,P294,0,1,1,30,1,2026-01-27 14:52:46.984946
U50,P207,1,1,0,26,0,2026-02-05 08:52:46.984958
U66,P232,0,0,1,27,0,2026-01-31 21:52:46.984971
U255,P489,0,0,0,45,1,2026-02-11 12:52:46.984984
U2,P132,1,1,1,6,1,2026-01-24 11:52:46.984997
U243,P192,1,1,0,110,0,2026-02-08 13:52:46.985010
U191,P430,0,0,1,12,0,2026-01-30 08:52:46.985023
U16,P296,1,0,1,109,1,2026-02-12 18:52:46.985036
U113,P308,0,0,0,95,0,2026-02-09 21:52:46.985049
U242,P31,0,1,0,109,0,2026-02-10 03:52:46.985062
U34,P243,0,0,0,21,1,2026-02-05 15:52:46.985074
U166,P291,0,1,1,33,1,2026-02-01 00:52:46.985088
U145,P156,1,1,1,38,0,2026-02-13 11:52:46.985100
U155,P272,1,1,1,80,1,2026-02-13 13:52:46.985114
U12,P75,1,0,0,31,0,2026-02-03 01:52:46.985127
U30,P9,0,0,1,41,0,2026-01-27 11:52:46.985140
U260,P192,0,0,0,76,1,2026-01-26 17:52:46.985155
U215,P79,0,0,0,115,1,2026-01-25 07:52:46.985168
U247,P234,1,1,0,111,1,2026-01-29 02:52:46.985181
U99,P431,1,0,1,52,0,2026-02-09 08:52:46.985193
U241,P26,1,1,1,42,1,2026-02-01 19:52:46.985206
U293,P154,1,1,1,53,1,2026-02-12 07:52:46.985224
U163,P285,1,1,1,48,1,2026-02-03 11:52:46.985237
U273,P394,1,1,0,62,0,2026-02-14 04:52:46.985250
U216,P317,1,0,1,35,0,2026-02-11 11:52:46.985263
U95,P493,0,1,1,27,1,2026-02-05 06:52:46.985277
U131,P343,1,0,0,44,0,2026-02-01 22:52:46.985290
U120,P456,1,0,1,31,1,2026-02-08 06:52:46.985303
U37,P186,0,0,1,77,0,2026-02-01 20:52:46.985316
U10,P446,1,1,1,28,1,2026-01-27 12:52:46.985330
U193,P401,0,1,0,11,0,2026-01-30 02:52:46.985343
U268,P341,0,0,0,14,0,2026-02-01 15:52:46.985356
U59,P308,1,1,0,44,0,2026-02-06 08:52:46.985369
U251,P324,0,0,1,64,1,2026-02-10 17:52:46.985382
U297,P215,0,1,0,93,0,2026-02-03 23:52:46.985401
U37,P64,0,1,0,9,1,2026-02-12 14:52:46.985445
U67,P209,1,1,1,7,0,2026-02-05 22:52:46.985459
U89,P248,0,0,0,54,0,2026-01-31 11:52:46.985472
U32,P87,0,0,0,108,1,2026-02-11 09:52:46.985485
U192,P404,1,1,1,102,0,2026-02-04 22:52:46.985498
U167,P284,1,0,1,13,1,2026-02-03 19:52:46.985511
U95,P17,0,0,0,59,1,2026-02-10 21:52:46.985524
U134,P432,0,1,1,71,1,2026-02-03 16:52:46.985537
U169,P335,1,0,1,113,0,2026-02-11 06:52:46.985550
U156,P102,0,1,0,19,1,2026-02-05 01:52:46.985563
U15,P238,0,0,1,99,1,2026-01-25 02:52:46.985576
U226,P308,0,1,1,49,1,2026-02-02 08:52:46.985589
U157,P151,0,1,0,116,0,2026-02-08 11:52:46.985603
U233,P332,1,0,0,37,1,2026-02-10 23:52:46.985615
U278,P320,0,0,0,111,1,2026-01-29 09:52:46.985628
U143,P36,0,1,1,36,1,2026-02-06 23:52:46.985641
U54,P161,1,0,0,43,0,2026-02-07 02:52:46.985654
U183,P2,1,1,0,119,0,2026-02-04 01:52:46.985667
U110,P380,0,0,0,40,0,2026-01-29 14:52:46.985680
U113,P228,0,0,1,116,0,2026-02-07 11:52:46.985693
U193,P210,1,1,1,47,1,2026-02-13 14:52:46.985706
U209,P172,1,1,1,12,0,2026-02-12 19:52:46.985719
U224,P179,1,1,1,112,1,2026-01-27 14:52:46.985732
U24,P216,0,1,0,40,0,2026-01-26 03:52:46.985747
U186,P495,1,0,1,54,0,2026-02-05 13:52:46.985761
U133,P339,1,1,1,117,0,2026-02-09 05:52:46.985774
U183,P423,0,0,1,18,1,2026-02-11 22:52:46.985787
U15,P37,1,0,0,88,1,2026-01-30 13:52:46.985800
U111,P149,0,0,0,97,1,2026-01-30 14:52:46.985813
U6,P260,0,0,1,7,0,2026-01-24 17:52:46.985829
U271,P47,0,1,1,99,0,2026-02-05 12:52:46.985842
U248,P211,0,1,0,34,0,2026-02-03 19:52:46.985855
U52,P374,1,0,1,62,1,2026-02-10 11:52:46.985867
U167,P351,0,0,1,115,0,2026-02-12 01:52:46.985880
U142,P63,0,1,0,28,1,2026-02-07 16:52:46.985894
U150,P328,0,0,0,68,1,2026-02-11 02:52:46.985907
U298,P241,1,0,1,59,0,2026-02-13 13:52:46.985920
U111,P360,0,0,0,38,0,2026-02-03 00:52:46.985933
U155,P73,0,0,1,35,0,2026-02-02 07:52:46.985951
U149,P355,1,1,1,46,0,2026-02-06 07:52:46.985964
U217,P416,0,1,1,43,1,2026-02-09 07:52:46.985977
U87,P40,0,0,0,40,1,2026-02-10 06:52:46.985990
U46,P461,1,0,1,36,0,2026-02-07 09:52:46.986004
U16,P18,1,1,1,79,1,2026-02-14 04:52:46.986017
U190,P381,0,1,0,42,1,2026-02-12 08:52:46.986030
U32,P392,1,1,1,67,0,2026-02-04 07:52:46.986045
U216,P74,0,0,0,78,1,2026-01-25 12:52:46.986058
U252,P114,0,0,1,87,1,2026-02-07 00:52:46.986071
U79,P464,1,0,1,54,0,2026-02-04 22:52:46.986084
U81,P266,0,0,0,19,1,2026-02-04 09:52:46.986097
U159,P405,1,0,1,45,1,2026-02-01 16:52:46.986110
U282,P102,0,1,1,85,0,2026-02-08 18:52:46.986123
U270,P433,0,0,0,5,0,2026-02-08 04:52:46.986136
U178,P482,1,1,0,63,0,2026-02-03 10:52:46.986149
U40,P89,0,1,1,94,0,2026-02-13 20:52:46.986162
U84,P21,0,0,0,106,1,2026-02-07 01:52:46.986175
U25,P393,0,1,1,30,0,2026-02-12 16:52:46.986188
U272,P293,1,1,1,24,0,2026-01-25 14:52:46.986201
U29,P31,0,1,0,111,0,2026-01-30 15:52:46.986214
U300,P163,0,0,1,78,0,2026-02-10 14:52:46.986227
U98,P397,1,1,1,60,0,2026-02-10 04:52:46.986240
U98,P290,1,0,0,32,1,2026-02-07 11:52:46.986255
U112,P331,0,0,0,59,1,2026-01-25 03:52:46.986268
U117,P93,0,1,1,30,1,2026-02-06 08:52:46.986281
U84,P458,1,1,0,67,0,2026-02-02 10:52:46.986294
U287,P475,1,0,1,15,1,2026-01-24 22:52:46.986307
U181,P213,0,1,0,23,1,2026-01-31 08:52:46.986320
U116,P413,0,1,0,67,0,2026-01-26 17:52:46.986333
U211,P305,0,1,0,56,0,2026-02-07 05:52:46.986345
U21,P86,0,1,0,52,0,2026-01-27 21:52:46.986358
U196,P364,0,1,1,69,0,2026-01-26 06:52:46.986371
U201,P193,1,1,1,51,1,2026-02-11 11:52:46.986384
U279,P246,0,0,0,55,1,2026-01-30 06:52:46.986397
U153,P80,0,0,1,31,0,2026-01-31 04:52:46.986410
U143,P298,1,1,1,87,1,2026-02-04 06:52:46.986424
U138,P254,0,1,1,30,1,2026-01-30 01:52:46.986445
U23,P318,0,0,0,24,1,2026-02-10 09:52:46.986460
U108,P441,0,1,1,37,1,2026-01-26 17:52:46.986475
U176,P320,1,1,0,113,0,2026-02-08 04:52:46.986488
U14,P275,0,0,0,101,1,2026-01-27 21:52:46.986501
U11,P106,1,1,0,72,0,2026-01-25 20:52:46.986514
U220,P350,1,0,1,92,0,2026-02-03 09:52:46.986527
U63,P29,0,0,0,104,0,2026-01-29 17:52:46.986540
U70,P379,0,0,1,48,1,2026-02-06 17:52:46.986554
U264,P183,1,0,1,89,0,2026-01-27 05:52:46.986566
U100,P317,1,1,1,95,1,2026-02-09 13:52:46.986579
U87,P183,0,0,0,51,1,2026-01-24 21:52:46.986592
U238,P487,1,0,0,62,1,2026-01-28 11:52:46.986606
U106,P402,1,1,0,98,1,2026-01-31 14:52:46.986619
U7,P197,0,1,1,17,0,2026-01-24 21:52:46.986632
U264,P74,1,0,1,83,0,2026-02-09 04:52:46.986645
U176,P63,1,0,1,19,0,2026-02-08 15:52:46.986658
U121,P319,1,0,1,116,0,2026-02-02 05:52:46.986671
U180,P463,1,0,1,44,1,2026-01-25 09:52:46.986687
U70,P318,1,0,0,5,0,2026-01-26 11:52:46.986700
U32,P141,0,1,1,28,0,2026-02-03 09:52:46.986713
U216,P279,0,1,0,34,1,2026-02-08 01:52:46.986726
U144,P67,0,0,1,108,1,2026-02-02 12:52:46.986739
U279,P236,0,0,0,19,1,2026-01-31 04:52:46.986757
U209,P436,1,0,1,8,0,2026-01-26 09:52:46.986771
U135,P46,0,0,0,37,0,2026-01-31 01:52:46.986784
U106,P290,0,0,1,83,0,2026-02-06 05:52:46.986797
U153,P311,0,0,0,64,0,2026-02-08 18:52:46.986810
U4,P491,1,0,1,79,1,2026-01-24 18:52:46.986823
U266,P229,0,0,1,110,0,2026-01-28 10:52:46.986836
U275,P76,1,1,0,105,1,2026-02-07 15:52:46.986849
U204,P477,0,0,1,105,1,2026-02-11 15:52:46.986862
U58,P274,1,0,0,105,1,2026-01-31 22:52:46.986876
U268,P215,1,1,0,106,0,2026-02-06 16:52:46.986892
U25,P446,1,1,1,17,1,2026-02-12 04:52:46.986905
U175,P392,0,1,1,39,0,2026-02-05 12:52:46.986918
U160,P408,0,0,1,95,1,2026-01-31 16:52:46.986931
U90,P42,0,0,1,114,1,2026-01-25 15:52:46.986944
U288,P91,0,0,0,56,1,2026-02-09 22:52:46.986956
U187,P205,1,1,1,90,1,2026-02-01 13:52:46.986969
U93,P427,1,1,0,57,1,2026-02-14 02:52:46.986982
U68,P246,0,1,1,33,1,2026-02-02 06:52:46.986995
U66,P460,0,0,0,31,0,2026-02-12 20:52:46.987008
U68,P187,1,0,1,48,0,2026-02-09 17:52:46.987021
U240,P216,0,0,1,53,0,2026-02-09 11:52:46.987034
U95,P447,0,1,0,15,0,2026-01-30 01:52:46.987047
U198,P457,0,1,0,89,0,2026-01-25 09:52:46.987060
U253,P375,1,0,1,31,1,2026-02-03 23:52:46.987073
U61,P412,0,1,0,73,0,2026-02-13 22:52:46.987086
U188,P4,0,0,0,19,1,2026-01-25 03:52:46.987099
U13,P118,1,0,1,10,1,2026-01-31 21:52:46.987112
U231,P434,1,1,0,32,1,2026-01-31 01:52:46.987146
U193,P399,1,0,1,109,0,2026-01-30 03:52:46.987160
U244,P69,0,0,0,47,0,2026-01-28 07:52:46.987173
U62,P207,1,1,1,13,0,2026-02-04 10:52:46.987186
U256,P407,0,0,1,6,1,2026-02-01 23:52:46.987198
U40,P447,1,1,0,97,1,2026-02-05 18:52:46.987212
U134,P259,1,1,1,100,0,2026-01-26 02:52:46.987224
U195,P114,0,0,1,92,0,2026-01-27 09:52:46.987237
U15,P37,0,1,1,31,1,2026-02-13 17:52:46.987250
U67,P30,1,0,1,11,1,2026-02-12 21:52:46.987263
U39,P352,0,0,1,7,1,2026-01-27 21:52:46.987276
U43,P484,0,1,0,78,0,2026-01-31 22:52:46.987289
U296,P274,0,0,1,14,1,2026-01-26 04:52:46.987303
U282,P411,1,1,1,90,0,2026-01-27 18:52:46.987316
U73,P115,0,0,1,47,1,2026-02-14 02:52:46.987329
U210,P376,1,0,0,10,1,2026-02-01 16:52:46.987344
U115,P167,0,0,0,27,1,2026-02-09 09:52:46.987357
U88,P318,1,1,0,81,1,2026-02-06 15:52:46.987370
U209,P391,0,0,1,54,1,2026-02-03 11:52:46.987383
U92,P467,0,0,0,78,0,2026-02-01 15:52:46.987397
U45,P265,1,1,0,110,0,2026-02-12 18:52:46.987410
U197,P25,0,1,0,40,1,2026-02-04 22:52:46.987423
U277,P18,1,1,0,18,1,2026-01-26 11:52:46.987436
U79,P444,1,1,1,5,0,2026-01-31 00:52:46.987449
U298,P257,1,1,1,51,1,2026-02-12 14:52:46.987464
U263,P150,0,1,0,78,1,2026-02-11 05:52:46.987476
U219,P394,1,1,0,79,1,2026-02-13 08:52:46.987489
U190,P225,0,0,1,86,0,2026-01-31 23:52:46.987502
U83,P181,1,1,1,38,1,2026-02-11 09:52:46.987515
U185,P10,1,1,0,42,0,2026-02-09 02:52:46.987528
U156,P394,0,0,1,71,0,2026-02-08 16:52:46.987541
U140,P82,1,0,0,69,0,2026-02-11 08:52:46.987556
U250,P320,0,1,0,77,1,2026-02-11 07:52:46.987569
U113,P232,0,0,0,115,0,2026-02-03 23:52:46.987582
U283,P8,0,1,0,70,0,2026-02-12 06:52:46.987595
U242,P10,1,1,0,11,0,2026-02-02 23:52:46.987618
U61,P164,0,1,1,9,1,2026-01-25 12:52:46.987632
U294,P486,1,1,0,60,0,2026-01-29 13:52:46.987645
U48,P105,1,0,0,48,0,2026-02-05 03:52:46.987658
U55,P55,0,1,0,8,0,2026-02-05 07:52:46.987671
U115,P437,1,0,0,71,0,2026-02-08 20:52:46.987696
U29,P343,0,0,1,45,0,2026-02-08 16:52:46.987710
U185,P134,0,1,0,81,1,2026-02-14 01:52:46.987722
U165,P415,0,1,0,94,0,2026-02-08 13:52:46.987736
U168,P481,0,0,0,32,0,2026-01-30 05:52:46.987749
U81,P247,0,0,0,6,0,2026-01-25 05:52:46.987762
U116,P113,0,0,1,62,0,2026-02-01 10:52:46.987776
U243,P56,0,1,0,114,1,2026-02-09 03:52:46.987791
U175,P474,0,1,0,42,1,2026-02-10 22:52:46.987804
U190,P184,0,0,0,116,1,2026-02-01 01:52:46.987817
U296,P209,0,1,0,16,0,2026-01-25 12:52:46.987830
U115,P100,0,1,0,97,0,2026-02-01 01:52:46.987842
U294,P445,0,1,1,40,1,2026-02-03 06:52:46.987855
U16,P14,1,0,0,8,0,2026-02-08 22:52:46.987868
U6,P129,0,0,0,119,1,2026-01-26 14:52:46.987881
U195,P65,0,0,0,113,1,2026-02-04 21:52:46.987894
U289,P432,1,1,1,114,1,2026-02-05 06:52:46.987906
U217,P396,0,0,0,78,0,2026-01-29 14:52:46.987919
U93,P460,0,0,1,22,0,2026-01-31 19:52:46.987931
U278,P86,1,1,0,25,0,2026-02-04 01:52:46.987944
U107,P390,1,1,0,75,1,2026-01-26 04:52:46.987958
U75,P376,0,1,0,6,0,2026-01-27 18:52:46.987970
U36,P500,1,1,0,112,1,2026-02-06 05:52:46.987983
U202,P262,0,1,1,114,0,2026-02-04 04:52:46.987998
U202,P122,0,0,1,110,1,2026-02-11 10:52:46.988010
U218,P15,0,0,1,119,0,2026-01-31 09:52:46.988024
U152,P347,1,1,0,51,0,2026-01-24 23:52:46.988036
U84,P192,0,1,1,9,0,2026-01-29 11:52:46.988049
U136,P278,1,0,1,50,1,2026-02-08 23:52:46.988065
U79,P389,0,0,0,78,0,2026-01-28 06:52:46.988078
U82,P25,1,0,0,6,1,2026-01-31 13:52:46.988091
U224,P72,1,1,1,23,1,2026-01-30 22:52:46.988104
U82,P254,0,0,0,101,1,2026-02-06 22:52:46.988116
U182,P428,0,0,0,96,0,2026-02-11 14:52:46.988130
U248,P231,1,0,0,35,0,2026-02-09 04:52:46.988142
U24,P325,0,0,0,37,0,2026-02-11 18:52:46.988155
U114,P417,1,0,1,105,0,2026-02-13 17:52:46.988172
U242,P375,0,0,0,58,0,2026-02-12 11:52:46.988185
U199,P31,1,1,0,42,1,2026-02-08 11:52:46.988199
U105,P392,1,1,0,109,1,2026-01-28 09:52:46.988214
U127,P265,1,1,0,102,1,2026-01-30 12:52:46.988227
U105,P233,0,0,1,95,0,2026-02-03 08:52:46.988240
U190,P372,0,1,0,25,1,2026-01-24 14:52:46.988253
U39,P162,1,0,1,19,1,2026-01-26 11:52:46.988265
U216,P312,0,1,0,69,1,2026-01-30 09:52:46.988278
U148,P432,1,0,1,55,0,2026-02-01 12:52:46.988291
U74,P460,0,0,1,65,1,2026-02-04 06:52:46.988304
U81,P453,0,1,1,52,0,2026-02-05 12:52:46.988316
U35,P119,0,0,1,118,1,2026-01-25 22:52:46.988329
U252,P403,0,1,0,23,0,2026-02-12 14:52:46.988342
U69,P180,1,0,0,80,1,2026-02-08 23:52:46.988355
U63,P332,1,0,0,116,0,2026-02-12 19:52:46.988368
U240,P97,0,1,0,65,0,2026-01-30 16:52:46.988381
U109,P5,0,1,0,68,0,2026-02-01 23:52:46.988394
U10,P165,1,0,0,15,1,2026-02-10 13:52:46.988407
U114,P21,1,0,1,93,0,2026-01-25 01:52:46.988422
U240,P431,0,1,1,108,1,2026-02-06 07:52:46.988435
U229,P66,1,1,1,27,0,2026-02-05 12:52:46.988448
U16,P297,1,1,0,115,1,2026-02-04 16:52:46.988461
U119,P440,1,1,1,40,0,2026-01-27 15:52:46.988474
U108,P189,1,1,0,24,1,2026-01-29 07:52:46.988487
U97,P143,1,1,1,7,0,2026-01-24 14:52:46.988500
U91,P133,0,1,0,90,0,2026-02-09 07:52:46.988512
U198,P282,1,0,0,11,1,2026-01-31 09:52:46.988525
U212,P87,0,1,0,65,0,2026-02-10 06:52:46.988538
U274,P41,0,1,1,69,0,2026-02-09 02:52:46.988551
U143,P182,1,1,0,83,1,2026-02-04 14:52:46.988564
U22,P402,1,1,1,24,1,2026-01-31 18:52:46.988576
U55,P66,0,1,0,73,1,2026-02-04 02:52:46.988590
U212,P190,1,1,1,60,0,2026-02-02 17:52:46.988603
U153,P53,1,1,0,112,0,2026-01-24 18:52:46.988616
U204,P112,0,0,1,58,1,2026-01-26 22:52:46.988631
U166,P301,1,0,1,28,0,2026-02-07 15:52:46.988644
U249,P379,0,0,0,15,1,2026-01-28 06:52:46.988657
U50,P85,0,0,1,101,1,2026-02-01 00:52:46.988670
U111,P334,0,0,0,104,0,2026-01-24 16:52:46.988683
U172,P287,0,1,0,51,1,2026-02-11 22:52:46.988696
U196,P453,0,0,1,95,1,2026-02-07 15:52:46.988709
U228,P85,0,0,1,49,0,2026-02-05 09:52:46.988722
U84,P173,0,0,0,36,1,2026-01-30 15:52:46.988736
U282,P293,0,0,0,29,0,2026-01-25 13:52:46.988749
U223,P20,0,1,1,77,0,2026-02-09 10:52:46.988762
U189,P468,0,1,1,46,0,2026-01-27 16:52:46.988774
U11,P27,1,0,1,42,0,2026-02-10 14:52:46.988787
U156,P398,1,1,1,58,0,2026-01-29 20:52:46.988801
U143,P422,1,1,0,63,0,2026-02-13 21:52:46.988814
U72,P403,1,0,0,45,0,2026-02-01 16:52:46.988827
U269,P155,1,0,1,57,0,2026-01-27 16:52:46.988843
U240,P137,0,1,1,56,1,2026-02-03 10:52:46.988855
U243,P96,0,1,1,7,1,2026-02-03 00:52:46.988868
U171,P413,1,0,1,35,0,2026-01-26 14:52:46.988882
U154,P402,1,1,0,11,1,2026-01-24 23:52:46.988895
U48,P80,0,1,1,37,1,2026-02-09 10:52:46.988908
U3,P486,1,1,1,46,0,2026-01-24 21:52:46.988920
U145,P401,0,1,1,26,1,2026-02-13 02:52:46.988933
U43,P131,1,1,1,90,0,2026-02-08 11:52:46.988946
U246,P449,1,0,0,28,0,2026-01-26 17:52:46.988959
U265,P148,1,0,1,110,1,2026-02-03 23:52:46.988973
U73,P150,0,0,0,41,1,2026-02-05 10:52:46.988986
U72,P490,0,1,0,88,1,2026-02-01 18:52:46.988999
U236,P293,1,1,0,29,0,2026-02-05 05:52:46.989012
U231,P405,0,0,1,46,1,2026-02-06 01:52:46.989026
U96,P317,1,0,0,25,1,2026-01-27 03:52:46.989039
U160,P492,0,0,1,57,0,2026-02-01 09:52:46.989055
U146,P163,1,0,0,113,0,2026-02-03 03:52:46.989068
U239,P308,1,0,0,114,0,2026-01-28 21:52:46.989081
U125,P224,0,0,1,88,1,2026-02-06 08:52:46.989093
U43,P433,0,1,1,85,0,2026-02-06 16:52:46.989105
U162,P128,0,1,0,105,1,2026-02-03 15:52:46.989118
U130,P12,0,1,1,114,1,2026-01-28 08:52:46.989130
U245,P250,1,0,0,52,0,2026-02-11 06:52:46.989143
U134,P239,0,1,1,36,0,2026-02-13 07:52:46.989156
U155,P110,0,1,1,119,1,2026-02-05 01:52:46.989168
U230,P252,0,0,1,104,0,2026-01-28 14:52:46.989183
U212,P72,1,1,0,23,0,2026-02-13 13:52:46.989196
U75,P106,1,0,1,22,0,2026-02-12 10:52:46.989209
U50,P3,1,0,0,32,1,2026-02-11 13:52:46.989223
U70,P303,1,0,1,83,0,2026-02-05 00:52:46.989235
U246,P81,0,0,0,117,1,2026-01-28 14:52:46.989248
U204,P25,0,0,0,8,1,2026-02-04 05:52:46.989263
U31,P387,0,0,1,54,0,2026-01-26 17:52:46.989276
U202,P322,1,0,1,103,0,2026-01-27 21:52:46.989289
U105,P275,1,1,0,70,0,2026-02-10 16:52:46.989302
U197,P235,0,1,0,10,1,2026-01-29 08:52:46.989315
U289,P58,0,0,1,46,1,2026-02-05 21:52:46.989328
U174,P455,1,1,0,83,0,2026-02-05 04:52:46.989341
U111,P353,1,0,0,73,0,2026-02-04 17:52:46.989354
U145,P437,1,1,1,33,1,2026-02-04 19:52:46.989367
U257,P285,1,0,0,97,0,2026-02-01 08:52:46.989380
U224,P124,1,1,0,16,1,2026-02-08 20:52:46.989393
U135,P145,0,1,0,75,0,2026-02-06 10:52:46.989405
U3,P285,1,1,1,111,0,2026-01-24 11:52:46.989418
U246,P234,0,1,0,89,1,2026-02-05 03:52:46.989432
U246,P303,0,1,0,72,0,2026-02-13 08:52:46.989445
U257,P399,0,0,0,18,0,2026-02-10 18:52:46.989458
U124,P290,1,0,0,10,0,2026-02-09 07:52:46.989475
U263,P353,0,0,1,5,0,2026-02-07 02:52:46.989487
U27,P199,1,0,1,93,0,2026-01-24 21:52:46.989500
U17,P173,1,0,1,60,1,2026-02-05 06:52:46.989513
U251,P216,0,1,0,58,0,2026-02-09 23:52:46.989526
U117,P104,0,1,0,35,1,2026-01-25 20:52:46.989539
U189,P293,0,1,0,9,1,2026-02-05 14:52:46.989551
U52,P49,1,0,1,100,0,2026-01-24 13:52:46.989564
U145,P110,1,1,0,19,1,2026-01-24 15:52:46.989577
U186,P214,1,1,1,72,0,2026-01-26 19:52:46.989590
U151,P428,0,0,1,113,0,2026-02-03 13:52:46.989603
U44,P436,0,1,0,82,1,2026-02-07 18:52:46.989616
U179,P60,1,1,0,19,0,2026-02-11 04:52:46.989629
U196,P399,0,1,1,117,0,2026-01-29 04:52:46.989642
U159,P274,1,1,1,101,0,2026-01-24 14:52:46.989655
U7,P92,0,0,0,67,1,2026-01-25 06:52:46.989668
U271,P199,0,1,0,85,0,2026-02-08 03:52:46.989683
U61,P120,0,0,1,119,0,2026-02-12 13:52:46.989696
U116,P136,0,0,0,25,0,2026-02-12 22:52:46.989709
U247,P411,1,0,0,61,0,2026-02-07 12:52:46.989722
U300,P299,0,0,0,88,1,2026-01-28 12:52:46.989735
U143,P34,1,1,1,76,1,2026-01-29 23:52:46.989748
U217,P463,1,0,1,21,1,2026-02-08 22:52:46.989761
U202,P9,0,1,1,66,0,2026-02-10 20:52:46.989774
U107,P497,1,1,0,32,1,2026-02-09 13:52:46.989787
U220,P123,1,1,1,69,1,2026-02-14 02:52:46.989799
U207,P436,1,0,0,19,0,2026-02-05 15:52:46.989812
U202,P120,0,1,0,9,0,2026-02-01 05:52:46.989825
U234,P121,1,1,1,90,1,2026-01-30 20:52:46.989838
U76,P137,1,1,1,77,1,2026-01-30 19:52:46.989852
U219,P60,0,0,0,42,1,2026-01-28 14:52:46.989864
U221,P303,0,1,0,82,0,2026-01-26 11:52:46.989877
U62,P23,1,1,1,23,1,2026-01-31 01:52:46.989892
U47,P347,1,1,0,93,1,2026-02-11 13:52:46.989906
U119,P223,1,1,0,68,1,2026-01-30 23:52:46.989918
U56,P59,0,1,1,46,1,2026-01-29 08:52:46.989932
U220,P185,0,1,0,29,1,2026-02-12 09:52:46.989945
U15,P236,0,0,0,38,1,2026-01-24 16:52:46.989958
U77,P392,0,0,1,74,1,2026-01-25 05:52:46.989971
U21,P108,1,0,0,11,1,2026-02-10 22:52:46.989983
U177,P298,0,1,1,109,0,2026-02-09 13:52:46.989997
U181,P104,1,1,0,22,1,2026-02-01 15:52:46.990009
U2,P119,0,1,0,7,1,2026-01-24 22:52:46.990022
U111,P177,0,0,1,97,1,2026-01-24 13:52:46.990035
U220,P469,0,1,1,69,0,2026-02-03 20:52:46.990048
U260,P131,0,1,0,38,0,2026-02-13 09:52:46.990061
U215,P310,0,1,1,29,0,2026-01-27 15:52:46.990074
U180,P194,0,0,0,56,1,2026-02-07 10:52:46.990087
U202,P14,0,1,1,18,0,2026-02-12 20:52:46.990102
U257,P34,0,1,1,8,1,2026-02-11 00:52:46.990115
U137,P359,1,1,0,24,1,2026-01-29 13:52:46.990128
U250,P446,1,1,1,71,0,2026-01-25 12:52:46.990141
U234,P176,1,0,0,36,0,2026-02-11 10:52:46.990154
U4,P286,0,1,0,45,0,2026-01-24 15:52:46.990167
U275,P231,1,1,0,24,1,2026-02-02 00:52:46.990180
U31,P330,1,0,0,114,1,2026-02-05 11:52:46.990193
U139,P86,0,1,1,68,1,2026-01-27 19:52:46.990206
U55,P74,0,0,1,42,0,2026-01-24 12:52:46.990219
U137,P351,0,0,0,116,0,2026-02-01 09:52:46.990232
U146,P447,0,1,0,79,1,2026-02-03 04:52:46.990245
U30,P392,1,0,1,67,0,2026-02-02 22:52:46.990257
U89,P466,1,1,1,50,0,2026-02-13 03:52:46.990271
U61,P488,0,0,1,26,1,2026-02-10 18:52:46.990284
U60,P39,0,1,0,45,1,2026-02-01 13:52:46.990299
U282,P191,0,1,1,109,1,2026-01-28 08:52:46.990314
U146,P271,0,1,0,35,1,2026-02-08 13:52:46.990326
U241,P344,1,1,1,104,0,2026-02-02 06:52:46.990339
U34,P2,1,0,1,76,1,2026-02-08 14:52:46.990352
U204,P250,0,1,1,19,1,2026-02-06 21:52:46.990365
U125,P251,1,0,1,97,1,2026-02-01 07:52:46.990385
U220,P334,1,1,0,95,1,2026-01-30 10:52:46.990398
U173,P189,1,1,0,49,1,2026-01-29 21:52:46.990411
U24,P413,0,0,1,118,1,2026-02-10 17:52:46.990423
U207,P49,1,0,1,5,0,2026-02-09 23:52:46.990447
U35,P307,0,0,0,117,0,2026-02-13 15:52:46.990461
U131,P238,1,0,1,14,0,2026-02-04 17:52:46.990474
U201,P142,1,1,1,27,0,2026-02-01 06:52:46.990487
U66,P335,0,0,0,107,1,2026-02-08 03:52:46.990500
U207,P146,1,0,1,27,0,2026-02-03 15:52:46.990513
U64,P218,1,1,1,6,0,2026-01-27 22:52:46.990526
U225,P246,1,1,0,113,0,2026-01-29 05:52:46.990540
U107,P109,1,0,0,69,1,2026-02-05 22:52:46.990552
U155,P79,1,1,1,91,1,2026-02-04 04:52:46.990565
U88,P463,0,1,1,105,0,2026-02-04 22:52:46.990578
U294,P394,1,1,0,110,1,2026-02-03 21:52:46.990591
U52,P15,1,0,1,60,1,2026-02-13 22:52:46.990604
U51,P314,0,0,1,113,0,2026-01-28 03:52:46.990617
U186,P287,1,1,1,17,1,2026-01-25 07:52:46.990630
U119,P203,0,0,0,28,0,2026-01-29 07:52:46.990643
U157,P440,1,0,0,23,0,2026-02-11 00:52:46.990656
U44,P206,1,1,1,77,0,2026-01-27 13:52:46.990669
U154,P237,0,0,0,58,1,2026-02-06 20:52:46.990682
U259,P220,1,1,0,18,0,2026-02-05 18:52:46.990695
U294,P448,0,1,0,74,0,2026-02-02 12:52:46.990709
U272,P244,0,1,0,7,0,2026-02-02 00:52:46.990721
U209,P439,0,0,1,42,0,2026-02-03 12:52:46.990735
U218,P495,0,0,1,34,0,2026-02-11 22:52:46.990748
U14,P269,1,1,0,93,0,2026-02-12 12:52:46.990761
U268,P138,1,1,1,56,0,2026-01-25 18:52:46.990773
U6,P386,0,0,1,32,0,2026-02-05 21:52:46.990787
U10,P138,1,1,0,32,1,2026-02-02 18:52:46.990800
U225,P68,1,0,1,16,1,2026-02-07 22:52:46.990813
U84,P134,0,1,1,70,1,2026-02-13 20:52:46.990826
U170,P290,1,1,0,21,0,2026-02-04 17:52:46.990839
U76,P223,0,0,0,87,1,2026-02-12 07:52:46.990852
U17,P66,1,0,0,107,1,2026-02-09 00:52:46.990865
U112,P272,0,1,0,11,1,2026-01-28 21:52:46.990877
U215,P352,0,0,1,42,1,2026-02-11 01:52:46.990890
U15,P220,0,1,1,60,0,2026-01-29 17:52:46.990903
U265,P264,1,0,0,76,1,2026-02-06 12:52:46.990916
U31,P102,0,0,0,47,0,2026-02-03 03:52:46.990929
U140,P302,1,1,1,86,1,2026-02-12 21:52:46.990942
U88,P63,1,0,0,79,1,2026-02-01 11:52:46.990955
U124,P269,1,0,1,81,0,2026-01-30 19:52:46.990968
U212,P389,1,1,0,18,1,2026-02-01 13:52:46.990981
U280,P79,0,0,1,38,1,2026-02-12 02:52:46.990994
U232,P259,1,0,1,82,1,2026-01-24 20:52:46.991007
U120,P80,1,0,1,61,0,2026-02-01 05:52:46.991020
U294,P86,0,0,1,51,1,2026-02-01 15:52:46.991033
U4,P222,1,0,0,66,1,2026-02-05 08:52:46.991046
U253,P124,1,0,1,89,1,2026-02-11 12:52:46.991059
U120,P243,1,0,0,61,0,2026-02-08 03:52:46.991072
U176,P42,0,0,0,94,0,2026-01-26 19:52:46.991085
U228,P298,0,1,0,45,0,2026-02-01 11:52:46.991098
U79,P301,0,0,1,110,0,2026-02-06 04:52:46.991112
U122,P77,1,1,0,45,1,2026-02-13 23:52:46.991125
U197,P98,0,0,1,44,0,2026-02-03 04:52:46.991138
U8,P172,1,1,0,17,0,2026-01-30 11:52:46.991151
U49,P464,1,1,1,34,1,2026-01-26 00:52:46.991166
U59,P309,1,0,0,19,0,2026-02-03 15:52:46.991179
U261,P135,1,1,0,100,1,2026-01-25 10:52:46.991192
U28,P306,1,1,1,81,1,2026-02-03 16:52:46.991205
U230,P488,1,0,0,97,1,2026-02-12 17:52:46.991219
U2,P383,0,1,0,12,1,2026-02-13 14:52:46.991231
U279,P194,1,0,0,41,0,2026-02-11 13:52:46.991245
U290,P18,1,1,1,106,0,2026-01-27 09:52:46.991258
U17,P443,0,1,1,116,1,2026-01-25 10:52:46.991271
U245,P450,1,0,0,75,1,2026-01-26 13:52:46.991284
U161,P140,0,1,0,13,1,2026-01-28 12:52:46.991296
U50,P232,0,0,1,16,0,2026-01-25 06:52:46.991309
U15,P28,1,1,0,69,1,2026-01-24 17:52:46.991322
U98,P303,0,0,1,48,0,2026-02-10 04:52:46.991336
U282,P238,1,0,0,5,0,2026-02-03 07:52:46.991349
U293,P258,0,0,0,73,1,2026-02-07 04:52:46.991362
U175,P269,1,0,1,63,1,2026-02-11 18:52:46.991377
U219,P498,0,1,0,112,1,2026-02-05 03:52:46.991390
U15,P302,0,1,1,108,0,2026-01-25 22:52:46.991402
U77,P136,0,0,1,114,0,2026-02-01 16:52:46.991415
U91,P424,1,1,1,66,0,2026-02-07 00:52:46.991427
U35,P210,1,0,0,74,1,2026-02-12 21:52:46.991442
U136,P248,0,0,1,82,0,2026-02-04 11:52:46.991455
U44,P32,0,1,1,43,0,2026-02-07 13:52:46.991467
U207,P18,0,1,0,15,1,2026-02-04 13:52:46.991480
U148,P353,1,1,0,39,0,2026-01-29 07:52:46.991493
U239,P334,0,0,1,21,1,2026-02-04 19:52:46.991505
U140,P144,1,0,1,96,1,2026-02-06 23:52:46.991518
U205,P415,1,0,0,78,1,2026-02-11 12:52:46.991531
U117,P153,1,1,1,10,1,2026-02-11 10:52:46.991544
U238,P72,0,1,0,118,1,2026-02-10 23:52:46.991557
U67,P176,0,1,1,67,1,2026-01-28 10:52:46.991570
U246,P192,0,0,0,114,0,2026-01-27 03:52:46.991585
U63,P297,0,0,0,8,0,2026-02-06 20:52:46.991598
U204,P134,1,1,0,19,1,2026-02-06 02:52:46.991611
U194,P184,0,0,1,72,1,2026-02-06 03:52:46.991624
U110,P413,1,1,1,31,1,2026-02-09 07:52:46.991637
U44,P486,1,1,0,95,0,2026-02-05 09:52:46.991650
U222,P217,0,0,1,76,0,2026-02-01 20:52:46.991662
U26,P28,1,1,0,84,0,2026-01-26 03:52:46.991675
U102,P176,1,0,0,43,1,2026-01-24 10:52:46.991688
U228,P403,1,1,0,80,1,2026-02-08 08:52:46.991700
U25,P228,0,1,0,46,0,2026-02-01 22:52:46.991713
U81,P402,0,0,0,90,0,2026-02-01 11:52:46.991726
U121,P134,1,1,1,119,0,2026-02-06 12:52:46.991739
U286,P442,0,1,0,52,0,2026-01-29 04:52:46.991752
U19,P46,0,1,1,105,0,2026-02-10 09:52:46.991765
U82,P225,0,1,0,31,0,2026-01-25 00:52:46.991777
U160,P316,0,0,1,32,1,2026-02-05 19:52:46.991793
U117,P154,1,0,0,75,0,2026-01-25 19:52:46.991806
U263,P184,1,1,1,79,1,2026-02-01 03:52:46.991818
U272,P179,0,0,0,79,1,2026-01-30 22:52:46.991831
U188,P123,1,0,1,71,1,2026-02-03 17:52:46.991844
U180,P408,0,0,1,102,1,2026-01-31 03:52:46.991857
U78,P466,1,0,1,38,0,2026-02-07 04:52:46.991870
U240,P459,0,0,1,48,0,2026-01-31 23:52:46.991882
U286,P479,0,0,0,24,1,2026-02-13 23:52:46.991895
U132,P93,0,1,0,97,1,2026-02-08 20:52:46.991908
U249,P102,0,0,0,37,0,2026-02-04 08:52:46.991921
U287,P277,0,1,1,39,0,2026-01-26 18:52:46.991933
U144,P184,0,0,0,54,0,2026-02-03 01:52:46.991946
U253,P396,0,1,1,53,0,2026-02-01 01:52:46.991960
U52,P438,0,0,0,110,1,2026-02-10 01:52:46.991973
U214,P410,0,0,1,66,1,2026-02-10 13:52:46.991986
U280,P40,1,1,0,12,1,2026-02-03 04:52:46.992000
U259,P182,0,0,1,51,1,2026-02-06 01:52:46.992013
U212,P447,1,1,0,94,0,2026-02-08 16:52:46.992026
U139,P157,0,0,1,52,0,2026-02-04 10:52:46.992038
U212,P290,1,1,1,6,1,2026-01-31 05:52:46.992051
U19,P482,0,1,1,32,1,2026-02-10 05:52:46.992064
U165,P458,0,0,1,77,1,2026-01-30 09:52:46.992077
U29,P444,0,1,1,27,0,2026-01-25 06:52:46.992089
U7,P305,1,0,1,82,1,2026-01-27 11:52:46.992102
U187,P428,1,1,0,77,0,2026-01-30 08:52:46.992115
U8,P53,1,0,0,13,0,2026-01-31 07:52:46.992128
U172,P86,1,1,1,32,0,2026-01-28 15:52:46.992141
U9,P115,1,1,0,85,1,2026-02-02 03:52:46.992154
U147,P295,1,0,0,54,0,2026-01-29 11:52:46.992167
U88,P413,1,0,1,30,0,2026-02-11 20:52:46.992180
U257,P156,0,1,0,114,1,2026-02-09 19:52:46.992193
U187,P159,1,1,0,9,0,2026-02-02 00:52:46.992209
U143,P308,0,0,1,101,0,2026-02-12 10:52:46.992222
U151,P296,0,1,0,83,0,2026-02-05 07:52:46.992235
U73,P431,1,1,1,63,1,2026-02-01 14:52:46.992247
U158,P109,0,0,0,106,1,2026-02-08 13:52:46.992260
U251,P379,1,1,0,86,1,2026-02-11 19:52:46.992273
U177,P288,0,1,0,58,1,2026-02-10 01:52:46.992285
U213,P302,1,0,0,20,1,2026-02-08 23:52:46.992298
U121,P88,0,0,1,55,1,2026-02-07 10:52:46.992311
U81,P494,1,0,1,72,0,2026-02-12 06:52:46.992324
U158,P408,1,0,1,27,0,2026-01-25 06:52:46.992337
U269,P481,0,1,0,46,1,2026-02-06 17:52:46.992349
U192,P397,1,1,1,111,1,2026-02-10 03:52:46.992362
U230,P257,0,1,1,99,1,2026-02-03 15:52:46.992376
U188,P385,0,1,1,43,0,2026-02-09 00:52:46.992389
U161,P87,0,0,1,21,0,2026-02-03 21:52:46.992402
U6,P31,0,1,1,34,0,2026-01-26 01:52:46.992417
U135,P493,0,0,1,54,1,2026-02-03 10:52:46.992429
U140,P65,0,0,1,81,0,2026-02-05 21:52:46.992443
U32,P212,0,0,1,39,0,2026-01-24 23:52:46.992455
U234,P408,1,1,1,50,1,2026-02-09 22:52:46.992468
U33,P497,0,0,0,31,0,2026-01-31 00:52:46.992485
U241,P266,0,1,0,88,0,2026-01-31 19:52:46.992498
U112,P15,1,0,1,18,1,2026-01-26 11:52:46.992511
U290,P483,0,0,1,58,0,2026-01-25 22:52:46.992524
U268,P126,0,1,0,82,0,2026-02-12 00:52:46.992537
U43,P166,1,1,1,52,0,2026-02-11 11:52:46.992552
U83,P350,0,1,0,62,1,2026-02-14 01:52:46.992565
U138,P179,0,1,0,36,1,2026-01-27 17:52:46.992578
U9,P420,0,1,1,25,1,2026-01-29 22:52:46.992592
U187,P366,0,1,1,59,1,2026-02-03 15:52:46.992605
U31,P161,0,1,0,85,1,2026-02-12 04:52:46.992618
U298,P407,1,0,0,36,0,2026-02-10 13:52:46.992630
U121,P3,1,1,0,83,0,2026-02-04 03:52:46.992643
U32,P263,0,0,1,73,1,2026-01-27 13:52:46.992656
U112,P48,0,0,0,75,0,2026-02-05 06:52:46.992669
U121,P213,0,0,0,101,1,2026-02-02 04:52:46.992682
U168,P483,1,1,1,95,0,2026-01-27 10:52:46.992694
U197,P191,0,1,1,108,0,2026-02-05 00:52:46.992707
U261,P58,0,1,1,63,0,2026-02-10 15:52:46.992720
U104,P143,0,0,1,42,0,2026-01-30 02:52:46.992732
U109,P309,1,0,0,62,0,2026-02-08 21:52:46.992745
U214,P483,1,0,1,10,1,2026-01-27 22:52:46.992758
U8,P5,1,1,1,112,0,2026-01-27 15:52:46.992770
U265,P458,1,1,1,30,0,2026-01-29 20:52:46.992783
U25,P464,1,1,1,37,0,2026-02-05 06:52:46.992796
U112,P442,1,1,0,109,1,2026-02-05 00:52:46.992809
U187,P50,0,1,0,97,1,2026-02-10 11:52:46.992822
U232,P323,1,0,1,23,1,2026-02-03 11:52:46.992835
U65,P190,0,1,0,53,0,2026-01-24 20:52:46.992848
U69,P422,1,0,1,57,0,2026-02-12 00:52:46.992860
U112,P159,1,1,0,38,0,2026-02-08 06:52:46.992873
U138,P486,1,0,1,35,0,2026-02-09 17:52:46.992886
U284,P159,1,1,1,91,1,2026-02-13 04:52:46.992899
U294,P169,0,1,0,44,0,2026-01-31 21:52:46.992912
U89,P100,1,0,1,81,0,2026-02-04 16:52:46.992924
U91,P354,0,0,0,34,0,2026-02-02 19:52:46.992937
U78,P141,1,0,1,54,0,2026-01-29 17:52:46.992949
U80,P235,0,0,0,64,0,2026-01-27 00:52:46.992962
U127,P221,1,0,1,45,0,2026-01-25 16:52:46.992975
U297,P85,0,1,1,27,0,2026-02-12 20:52:46.992988
U276,P153,1,1,1,16,1,2026-01-27 20:52:46.993001
U196,P399,0,1,0,73,0,2026-01-25 19:52:46.993014
U220,P419,0,1,1,67,1,2026-02-08 03:52:46.993027
U233,P371,1,1,1,115,0,2026-02-11 16:52:46.993040
U78,P95,1,0,1,89,1,2026-02-05 21:52:46.993053
U31,P290,0,0,0,87,0,2026-02-12 06:52:46.993066
U206,P385,0,0,0,57,1,2026-01-27 15:52:46.993079
U100,P383,0,1,1,9,1,2026-02-10 11:52:46.993092
U10,P264,1,1,1,63,0,2026-01-25 10:52:46.993105
U50,P407,1,1,0,82,0,2026-02-03 23:52:46.993118
U87,P479,0,0,1,103,1,2026-02-08 00:52:46.993130
U111,P490,0,0,1,45,1,2026-01-24 14:52:46.993143
U137,P279,1,0,0,35,1,2026-02-13 03:52:46.993156
U286,P162,1,1,0,9,0,2026-02-05 10:52:46.993169
U243,P166,1,1,0,110,0,2026-01-27 07:52:46.993182
U113,P30,0,1,0,110,0,2026-01-26 08:52:46.993194
U170,P318,1,0,1,5,1,2026-02-05 20:52:46.993208
U106,P290,0,0,0,46,0,2026-02-07 20:52:46.993222
U73,P254,0,0,1,113,1,2026-02-13 09:52:46.993235
U113,P23,0,1,0,12,0,2026-01-27 16:52:46.993250
U248,P301,0,0,0,26,0,2026-02-04 07:52:46.993263
U15,P277,1,0,0,60,1,2026-02-08 14:52:46.993276
U118,P378,1,1,0,87,1,2026-01-28 22:52:46.993288
U173,P187,1,1,0,109,0,2026-01-31 21:52:46.993301
U182,P352,1,0,1,67,1,2026-01-25 22:52:46.993314
U149,P472,1,0,0,56,1,2026-02-08 12:52:46.993327
U211,P146,1,1,1,69,1,2026-01-25 13:52:46.993339
U211,P222,1,1,1,106,0,2026-02-11 00:52:46.993352
U68,P365,0,1,0,9,1,2026-02-10 13:52:46.993365
U50,P103,1,1,1,50,0,2026-02-03 02:52:46.993378
U268,P397,1,1,0,13,1,2026-01-29 03:52:46.993391
U78,P397,1,1,1,80,1,2026-01-31 11:52:46.993403
U131,P452,1,0,0,118,0,2026-01-28 19:52:46.993417
U171,P147,1,0,1,47,1,2026-02-08 00:52:46.993430
U280,P182,1,0,1,87,0,2026-01-31 11:52:46.993443
U189,P139,0,1,1,37,0,2026-01-27 22:52:46.993458
U112,P291,0,0,0,104,0,2026-01-27 17:52:46.993471
U218,P89,0,0,0,113,1,2026-01-28 07:52:46.993484
U209,P278,0,1,1,21,1,2026-02-10 03:52:46.993497
U94,P80,1,1,1,104,0,2026-02-08 15:52:46.993510
U196,P466,1,1,0,95,0,2026-02-11 02:52:46.993523
U294,P208,0,0,0,19,1,2026-02-11 21:52:46.993536
U287,P211,0,0,1,62,0,2026-02-05 06:52:46.993550
U266,P447,0,0,0,119,1,2026-02-04 11:52:46.993563
U19,P113,0,1,1,25,1,2026-02-04 02:52:46.993576
U145,P146,0,1,0,69,0,2026-02-01 04:52:46.993588
U293,P176,1,0,1,80,1,2026-01-27 22:52:46.993601
U55,P38,0,0,1,94,0,2026-02-08 05:52:46.993614
U77,P473,1,0,1,11,0,2026-02-11 22:52:46.993628
U4,P299,1,1,0,34,1,2026-01-25 07:52:46.993641
U103,P7,1,0,1,43,1,2026-01-30 00:52:46.993657
U276,P49,1,0,0,53,1,2026-02-02 11:52:46.993672
U36,P171,1,0,0,103,1,2026-02-02 04:52:46.993686
U97,P238,0,0,1,19,0,2026-02-13 12:52:46.993698
U140,P254,1,0,0,94,1,2026-02-08 09:52:46.993711
U114,P68,0,1,0,17,0,2026-02-01 06:52:46.993724
U233,P428,0,1,0,111,1,2026-02-04 07:52:46.993737
U3,P211,1,0,0,60,0,2026-02-11 16:52:46.993750
U123,P497,0,0,1,63,0,2026-02-06 12:52:46.993763
U83,P195,1,1,0,45,1,2026-02-04 15:52:46.993776
U283,P405,0,0,0,41,1,2026-02-06 15:52:46.993789
U239,P137,0,1,1,40,1,2026-02-06 10:52:46.993802
U40,P310,0,0,0,8,0,2026-02-05 17:52:46.993814
U176,P262,1,0,0,76,0,2026-02-06 01:52:46.993827
U77,P19,1,0,1,29,1,2026-02-03 19:52:46.993841
U227,P127,1,0,0,80,0,2026-01-29 22:52:46.993853
U252,P394,1,1,0,29,0,2026-01-24 21:52:46.993867
U240,P139,1,1,0,52,0,2026-01-30 22:52:46.993883
U251,P491,0,0,0,55,0,2026-01-27 21:52:46.993895
U154,P121,1,1,0,16,0,2026-02-14 04:52:46.993908
U161,P244,0,1,0,115,1,2026-02-01 18:52:46.993921
U248,P442,0,0,1,119,0,2026-02-14 04:52:46.993934
U41,P173,1,1,1,92,0,2026-01-31 06:52:46.993947
U141,P71,0,1,0,103,0,2026-01-26 23:52:46.993960
U175,P167,0,1,0,18,1,2026-01-24 10:52:46.993972
U65,P69,0,0,1,62,0,2026-02-10 10:52:46.993986
U115,P374,0,1,1,20,1,2026-01-24 14:52:46.993998
U269,P429,1,1,0,76,1,2026-02-05 19:52:46.994011
U225,P159,1,0,0,77,1,2026-02-13 11:52:46.994024
U267,P446,1,0,1,94,1,2026-02-02 13:52:46.994037
U269,P125,1,1,0,102,0,2026-02-07 09:52:46.994051
U71,P499,1,1,0,52,0,2026-02-07 21:52:46.994064
U182,P375,0,1,0,118,0,2026-01-30 01:52:46.994077
U121,P129,0,0,1,82,0,2026-02-12 15:52:46.994094
U116,P102,1,1,0,82,1,2026-01-28 09:52:46.994107
U55,P304,0,0,1,101,1,2026-02-10 13:52:46.994120
U10,P308,1,1,1,115,0,2026-01-25 01:52:46.994133
U144,P335,1,0,0,90,1,2026-02-01 18:52:46.994146
U248,P193,0,0,1,16,1,2026-01-31 00:52:46.994159
U123,P58,0,0,0,111,0,2026-02-09 13:52:46.994172
U128,P36,1,1,0,119,1,2026-02-03 14:52:46.994185
U223,P124,0,0,1,66,0,2026-02-10 05:52:46.994198
U107,P120,0,0,1,34,1,2026-02-12 21:52:46.994211
U66,P179,0,0,1,41,0,2026-01-30 07:52:46.994224
U49,P275,0,1,0,9,0,2026-02-01 19:52:46.994237
U176,P489,0,0,0,53,1,2026-02-01 20:52:46.994250
U3,P214,1,0,1,36,1,2026-01-31 14:52:46.994264
U252,P199,1,0,0,39,1,2026-01-28 05:52:46.994277
U40,P461,1,1,0,72,0,2026-01-31 09:52:46.994290
U209,P65,1,0,1,10,1,2026-02-09 03:52:46.994305
U171,P210,1,0,0,32,1,2026-01-31 05:52:46.994318
U63,P448,0,1,0,33,0,2026-01-25 16:52:46.994331
U80,P51,1,0,0,94,0,2026-02-07 23:52:46.994344
U243,P138,0,0,0,114,0,2026-01-31 08:52:46.994357
U174,P90,0,0,0,112,1,2026-02-11 16:52:46.994370
U166,P12,1,0,1,116,1,2026-02-06 15:52:46.994383
U204,P423,0,1,1,109,1,2026-02-04 10:52:46.994396
U176,P211,0,0,1,111,0,2026-02-06 01:52:46.994409
U269,P484,0,1,1,46,0,2026-01-26 23:52:46.994422
U232,P184,0,0,1,19,1,2026-02-06 20:52:46.994445
U65,P198,0,0,0,99,1,2026-02-10 16:52:46.994459
U66,P133,0,1,1,86,0,2026-01-31 22:52:46.994472
U98,P73,0,1,0,86,0,2026-02-02 21:52:46.994485
U213,P133,0,0,0,105,0,2026-01-29 07:52:46.994499
U22,P462,0,0,0,92,1,2026-02-11 17:52:46.994511
U188,P58,0,1,0,54,1,2026-02-02 22:52:46.994527
U143,P188,1,0,1,85,1,2026-02-04 21:52:46.994540
U180,P23,0,0,0,45,0,2026-02-01 04:52:46.994553
U97,P281,1,0,1,89,1,2026-02-06 09:52:46.994566
U240,P358,1,1,0,95,0,2026-01-31 16:52:46.994579
U261,P473,1,0,1,104,1,2026-02-09 13:52:46.994602
U144,P256,0,1,1,25,0,2026-01-29 04:52:46.994620
U131,P479,0,0,1,69,1,2026-01-28 22:52:46.994634
U7,P136,0,0,0,115,0,2026-02-06 20:52:46.994647
U11,P486,0,1,1,56,1,2026-02-06 01:52:46.994659
U225,P331,0,1,0,89,1,2026-02-09 07:52:46.994672
U165,P252,0,1,1,109,0,2026-02-11 00:52:46.994685
U116,P445,0,0,1,15,0,2026-01-31 00:52:46.994698
U244,P341,0,0,1,18,0,2026-01-26 13:52:46.994725
U97,P331,0,0,1,13,0,2026-01-29 05:52:46.994738
U37,P286,0,0,0,51,1,2026-02-08 14:52:46.994751
U142,P254,1,0,1,38,1,2026-01-24 10:52:46.994766
U101,P484,1,0,1,12,1,2026-02-11 10:52:46.994780
U4,P224,0,1,0,13,0,2026-01-26 01:52:46.994793
U266,P138,1,1,1,52,0,2026-02-03 07:52:46.994806
U216,P121,1,0,1,110,0,2026-02-09 14:52:46.994818
U222,P440,1,1,1,39,0,2026-01-24 20:52:46.994834
U89,P262,0,1,1,64,1,2026-01-26 09:52:46.994847
U239,P476,1,1,0,12,0,2026-01-25 05:52:46.994860
U274,P333,1,1,1,15,0,2026-02-04 03:52:46.994873
U117,P214,1,0,0,100,1,2026-01-24 19:52:46.994887
U134,P114,0,1,0,113,1,2026-01-26 03:52:46.994900
U92,P267,0,0,1,88,1,2026-01-26 18:52:46.994914
U93,P408,1,1,0,101,1,2026-01-26 20:52:46.994927
U208,P73,0,0,0,35,1,2026-02-03 13:52:46.994940
U48,P279,1,1,0,11,1,2026-01-29 21:52:46.994953
U232,P106,1,0,1,16,1,2026-02-01 09:52:46.994967
U140,P397,1,1,1,33,0,2026-02-11 17:52:46.994983
U31,P333,1,0,0,6,0,2026-01-26 05:52:46.994996
U190,P489,0,0,1,53,0,2026-02-02 05:52:46.995009
U294,P348,0,0,1,17,0,2026-02-06 15:52:46.995022
U128,P269,0,0,1,114,0,2026-01-30 17:52:46.995034
U142,P145,1,0,1,67,1,2026-02-06 18:52:46.995047
U112,P214,1,1,1,25,0,2026-02-13 22:52:46.995060
U13,P80,1,0,0,36,1,2026-01-24 14:52:46.995073
U201,P150,1,0,1,44,0,2026-02-02 00:52:46.995086
U272,P43,1,0,1,19,1,2026-02-07 01:52:46.995099
U218,P137,0,0,1,24,0,2026-02-09 06:52:46.995112
U234,P458,1,0,0,84,1,2026-02-03 07:52:46.995125
U83,P31,1,1,1,32,1,2026-01-31 17:52:46.995138
U253,P449,0,1,1,84,0,2026-02-01 03:52:46.995152
U175,P194,1,1,0,43,0,2026-01-25 11:52:46.995165
U203,P250,1,0,0,92,1,2026-02-08 07:52:46.995177
U206,P199,0,0,1,64,1,2026-01-28 02:52:46.995194
U179,P366,0,1,0,80,0,2026-01-26 14:52:46.995207
U133,P72,1,0,1,75,0,2026-02-01 11:52:46.995219
U46,P224,1,1,1,78,0,2026-02-08 07:52:46.995232
U73,P102,1,0,0,69,0,2026-02-11 15:52:46.995245
U20,P241,0,1,1,71,1,2026-02-11 15:52:46.995258
U107,P125,0,0,1,97,1,2026-02-07 11:52:46.995270
U112,P337,1,0,1,92,0,2026-02-03 08:52:46.995283
U191,P29,1,1,1,102,1,2026-02-07 20:52:46.995296
U285,P180,1,0,1,27,1,2026-01-26 10:52:46.995309
U94,P370,0,1,1,33,0,2026-01-26 11:52:46.995321
U185,P295,0,1,0,12,1,2026-02-09 06:52:46.995334
U274,P358,1,1,0,109,0,2026-02-02 21:52:46.995347
U277,P138,1,1,1,12,0,2026-01-29 16:52:46.995361
U126,P439,0,0,1,44,1,2026-02-12 02:52:46.995373
U137,P158,1,0,1,48,0,2026-01-28 14:52:46.995386
U128,P126,0,1,1,105,0,2026-01-31 08:52:46.995401
U175,P145,0,1,1,95,1,2026-02-02 15:52:46.995414
U83,P423,0,0,1,116,0,2026-01-30 00:52:46.995426
U194,P110,1,0,0,18,0,2026-01-26 03:52:46.995439
U199,P284,1,0,1,32,1,2026-01-29 06:52:46.995452
U17,P315,1,1,0,86,0,2026-01-29 18:52:46.995466
U165,P97,0,1,1,39,1,2026-02-02 04:52:46.995478
U138,P337,1,0,0,63,0,2026-01-31 08:52:46.995491
U188,P63,1,0,1,47,0,2026-01-26 09:52:46.995504
U21,P299,0,0,1,27,1,2026-02-10 14:52:46.995517
U31,P121,0,1,0,69,0,2026-01-24 13:52:46.995529
U146,P472,0,0,1,11,0,2026-01-25 05:52:46.995542
U86,P16,1,1,1,18,0,2026-01-25 18:52:46.995555
U162,P188,1,0,0,48,1,2026-01-27 13:52:46.995569
U272,P50,0,1,1,72,1,2026-02-09 04:52:46.995582
U140,P16,0,1,0,40,1,2026-01-31 01:52:46.995595
U154,P312,1,1,1,77,0,2026-01-25 20:52:46.995610
U177,P354,1,0,0,11,0,2026-01-25 01:52:46.995623
U75,P351,1,0,0,70,1,2026-02-14 02:52:46.995636
U184,P335,0,1,1,11,1,2026-02-08 16:52:46.995649
U225,P310,0,0,1,105,0,2026-02-03 18:52:46.995661
U48,P235,0,0,1,54,0,2026-02-12 12:52:46.995674
U22,P371,1,0,0,105,1,2026-02-04 14:52:46.995687
U297,P348,0,0,0,44,1,2026-02-04 08:52:46.995700
U176,P53,0,1,1,103,1,2026-01-25 21:52:46.995713
U242,P305,0,1,0,59,1,2026-02-05 06:52:46.995726
U209,P21,1,0,1,43,0,2026-02-01 21:52:46.995738
U211,P285,1,1,0,78,1,2026-01-28 17:52:46.995752
U120,P97,1,0,0,8,1,2026-01-28 20:52:46.995765
U143,P282,0,1,1,75,1,2026-02-11 01:52:46.995778
U99,P180,0,1,0,82,0,2026-01-26 21:52:46.995791
U202,P450,1,0,0,28,1,2026-01-28 17:52:46.995804
U60,P477,1,1,0,47,0,2026-02-07 05:52:46.995820
U192,P34,1,1,0,72,1,2026-02-07 15:52:46.995833
U245,P500,1,1,1,83,0,2026-01-31 14:52:46.995846
U114,P285,0,1,1,19,0,2026-02-01 08:52:46.995858
U212,P317,0,0,1,92,1,2026-02-04 06:52:46.995871
U293,P391,1,0,1,72,0,2026-01-26 16:52:46.995884
U202,P214,1,1,1,84,0,2026-01-25 15:52:46.995897
U157,P153,1,1,1,70,1,2026-01-26 00:52:46.995914
U195,P158,1,1,1,25,0,2026-02-10 18:52:46.995928
U156,P4,0,0,0,68,0,2026-02-09 13:52:46.995941
U239,P144,1,1,1,37,0,2026-02-06 00:52:46.995956
U69,P186,0,0,1,40,1,2026-02-03 20:52:46.995969
U68,P343,0,0,1,89,1,2026-02-13 05:52:46.995985
U111,P437,0,0,1,80,1,2026-01-27 03:52:46.996012
U140,P440,1,0,0,96,1,2026-02-07 04:52:46.996025
U197,P453,1,0,0,105,0,2026-01-27 10:52:46.996038
U122,P149,1,0,0,115,0,2026-02-05 00:52:46.996054
U64,P126,1,1,1,94,0,2026-02-04 09:52:46.996068
U13,P422,0,0,1,27,1,2026-02-13 08:52:46.996081
U182,P319,1,0,1,101,0,2026-02-11 01:52:46.996094
U203,P229,1,0,1,101,0,2026-01-29 04:52:46.996106
U131,P360,1,0,0,50,0,2026-02-07 07:52:46.996120
U245,P219,1,0,1,80,1,2026-02-11 23:52:46.996132
U280,P412,1,0,1,17,1,2026-01-30 09:52:46.996145
U87,P78,1,0,0,87,1,2026-02-06 12:52:46.996158
U33,P115,0,1,0,74,1,2026-02-08 06:52:46.996171
U228,P120,0,1,0,53,0,2026-02-04 04:52:46.996202
U23,P161,0,1,0,60,0,2026-01-27 22:52:46.996216
U98,P146,1,1,1,44,0,2026-02-04 06:52:46.996229
U42,P222,1,1,1,111,0,2026-02-03 04:52:46.996243
U69,P445,0,0,0,72,1,2026-02-09 22:52:46.996256
U225,P123,1,1,0,28,0,2026-02-07 12:52:46.996269
U233,P491,0,1,0,15,0,2026-02-02 20:52:46.996295
U86,P291,0,0,0,70,0,2026-02-08 14:52:46.996316
U55,P356,0,1,0,55,1,2026-02-07 10:52:46.996329
U264,P498,1,0,1,71,0,2026-02-06 05:52:46.996342
U2,P257,1,0,1,119,0,2026-02-10 13:52:46.996355
U197,P469,1,1,1,36,0,2026-02-12 20:52:46.996381
U73,P433,0,0,0,72,1,2026-02-10 14:52:46.996409
U224,P44,1,1,0,14,1,2026-01-30 06:52:46.996422
U36,P34,1,1,1,109,0,2026-02-12 12:52:46.996436
U255,P281,1,1,1,88,1,2026-01-30 15:52:46.996449
U176,P228,1,0,1,115,1,2026-02-13 11:52:46.996462
U56,P407,0,1,1,30,1,2026-02-05 08:52:46.996475
U61,P88,0,0,1,16,1,2026-02-08 16:52:46.996507
U64,P199,1,1,0,83,0,2026-02-01 16:52:46.996521
U35,P26,0,0,1,7,0,2026-01-26 11:52:46.996534
U156,P471,1,0,1,15,1,2026-01-29 15:52:46.996547
U209,P323,1,1,1,90,0,2026-02-11 17:52:46.996564
U54,P93,0,1,1,13,1,2026-02-05 08:52:46.996577
U10,P358,0,1,1,114,1,2026-02-03 13:52:46.996590
U223,P369,1,1,1,39,0,2026-02-09 22:52:46.996603
U161,P200,1,0,0,12,1,2026-01-28 15:52:46.996616
U226,P392,0,1,0,81,1,2026-02-02 16:52:46.996629
U111,P224,0,1,1,79,1,2026-01-25 03:52:46.996642
U189,P364,0,0,1,93,1,2026-02-10 10:52:46.996655
U184,P17,0,1,1,22,1,2026-01-25 06:52:46.996667
U37,P70,0,0,1,117,0,2026-01-30 19:52:46.996680
U297,P431,1,0,0,101,0,2026-02-05 00:52:46.996693
U53,P118,0,0,1,12,1,2026-02-11 00:52:46.996706
U45,P18,0,0,0,81,0,2026-01-31 17:52:46.996719
U83,P50,0,1,0,99,1,2026-01-31 17:52:46.996732
U56,P39,0,1,0,62,1,2026-02-01 02:52:46.996745
U239,P215,1,1,1,29,0,2026-02-05 01:52:46.996758
U275,P135,1,1,0,85,1,2026-02-10 21:52:46.996773
U255,P125,1,0,0,67,0,2026-01-29 06:52:46.996786
U277,P382,1,1,0,26,0,2026-01-29 08:52:46.996798
U89,P387,1,1,1,49,1,2026-02-10 14:52:46.996811
U118,P328,1,1,1,54,0,2026-01-24 18:52:46.996824
U159,P285,0,1,0,109,0,2026-02-09 06:52:46.996837
U195,P89,0,1,0,15,1,2026-01-29 17:52:46.996849
U241,P154,0,1,1,84,1,2026-01-28 19:52:46.996862
U31,P223,1,1,1,24,0,2026-02-12 09:52:46.996875
U62,P201,0,0,0,94,1,2026-02-08 09:52:46.996888
U78,P214,1,0,1,87,0,2026-02-02 02:52:46.996900
U43,P352,0,0,1,119,1,2026-02-05 09:52:46.996913
U8,P122,0,1,0,109,1,2026-01-29 22:52:46.996926
U16,P69,0,0,0,102,1,2026-01-29 10:52:46.996939
U289,P463,0,1,0,67,0,2026-02-09 04:52:46.996952
U240,P465,0,0,1,20,0,2026-01-27 15:52:46.996965
U215,P77,0,0,0,50,1,2026-01-30 11:52:46.996980
U219,P143,0,1,0,30,0,2026-01-30 09:52:46.996993
U47,P5,1,1,1,9,1,2026-01-31 05:52:46.997006
U63,P281,1,0,1,18,1,2026-02-07 02:52:46.997019
U156,P478,0,1,1,24,0,2026-02-05 07:52:46.997031
U79,P139,1,1,0,28,1,2026-02-02 20:52:46.997044
U156,P50,0,1,0,77,1,2026-02-08 00:52:46.997057
U58,P162,0,0,0,47,0,2026-02-02 04:52:46.997070
U186,P46,0,1,0,25,1,2026-01-26 13:52:46.997082
U87,P249,0,1,0,25,1,2026-01-26 23:52:46.997095
U4,P65,0,1,0,19,1,2026-02-02 01:52:46.997108
U285,P180,1,0,0,115,0,2026-01-25 10:52:46.997121
U153,P464,1,1,0,45,0,2026-01-26 08:52:46.997134
U240,P226,1,1,1,6,1,2026-02-07 16:52:46.997147
U225,P144,0,0,1,111,1,2026-01-25 20:52:46.997160
U132,P113,1,0,0,37,1,2026-01-28 05:52:46.997175
U75,P281,1,0,0,40,1,2026-02-09 12:52:46.997190
U292,P223,0,1,0,10,1,2026-01-28 22:52:46.997204
U102,P140,0,1,0,67,1,2026-02-13 04:52:46.997216
U33,P343,0,1,1,70,1,2026-02-08 12:52:46.997229
U216,P495,0,1,0,44,1,2026-02-12 15:52:46.997242
U163,P471,1,0,1,18,0,2026-02-03 21:52:46.997255
U103,P199,1,1,0,23,1,2026-01-27 06:52:46.997268
U193,P298,1,1,0,110,1,2026-02-07 21:52:46.997281
U38,P97,1,0,0,78,0,2026-01-29 23:52:46.997294
U252,P407,1,1,0,5,1,2026-02-03 10:52:46.997307
U270,P465,1,0,1,73,1,2026-02-06 18:52:46.997320
U104,P29,0,1,1,52,1,2026-01-31 06:52:46.997333
U117,P207,1,0,0,14,0,2026-01-25 00:52:46.997346
U164,P388,0,0,0,32,1,2026-01-29 12:52:46.997359
U255,P464,0,0,1,53,0,2026-01-29 08:52:46.997372
U150,P360,1,0,0,37,0,2026-02-06 13:52:46.997385
U157,P53,1,1,1,51,1,2026-02-03 00:52:46.997400
U74,P96,0,0,0,26,0,2026-02-06 14:52:46.997413
U289,P258,0,1,1,107,0,2026-02-07 12:52:46.997426
U186,P391,0,1,0,42,0,2026-02-03 23:52:46.997439
U135,P385,1,0,0,34,1,2026-02-13 21:52:46.997452
U259,P55,0,1,1,46,1,2026-02-09 13:52:46.997465
U146,P230,0,0,1,34,0,2026-02-01 22:52:46.997478
U116,P396,1,0,1,48,1,2026-02-08 17:52:46.997490
U81,P305,0,1,0,81,0,2026-02-02 16:52:46.997503
U72,P209,1,1,0,32,0,2026-01-26 21:52:46.997516
U80,P57,1,1,1,82,1,2026-01-24 17:52:46.997529
U166,P84,0,1,0,45,1,2026-01-29 15:52:46.997542
U67,P330,1,1,0,36,1,2026-02-03 03:52:46.997555
U168,P145,1,1,0,10,0,2026-01-24 14:52:46.997568
U274,P457,1,0,0,46,0,2026-02-14 01:52:46.997581
U276,P284,1,0,1,48,0,2026-01-26 20:52:46.997594
U13,P144,1,0,0,118,0,2026-01-25 20:52:46.997609
U272,P375,0,1,0,14,1,2026-02-12 15:52:46.997622
U44,P351,1,1,0,102,0,2026-02-01 09:52:46.997635
U13,P425,1,1,1,61,1,2026-02-03 20:52:46.997648
U119,P57,1,1,1,110,0,2026-02-08 12:52:46.997661
U188,P120,1,0,1,119,0,2026-01-26 04:52:46.997685
U269,P393,0,0,1,112,1,2026-02-09 06:52:46.997698
U264,P239,0,0,0,49,0,2026-02-04 08:52:46.997711
U95,P337,0,0,1,23,0,2026-02-12 07:52:46.997724
U94,P138,0,0,1,22,1,2026-02-12 04:52:46.997737
U23,P62,0,0,1,60,1,2026-02-10 12:52:46.997750
U55,P153,0,0,1,15,0,2026-02-07 07:52:46.997763
U156,P8,1,0,0,40,0,2026-02-12 03:52:46.997776
U107,P9,0,1,1,71,0,2026-01-31 03:52:46.997790
U110,P483,0,1,0,32,1,2026-02-11 14:52:46.997803
U275,P124,1,1,0,75,1,2026-01-27 05:52:46.997816
U201,P276,0,0,1,68,1,2026-01-24 13:52:46.997832
U292,P389,1,0,1,26,1,2026-02-12 07:52:46.997845
U168,P445,1,1,1,32,0,2026-02-02 02:52:46.997858
U157,P265,0,1,1,67,1,2026-01-25 21:52:46.997871
U232,P186,1,0,0,101,0,2026-01-25 22:52:46.997884
U202,P65,1,1,0,97,0,2026-01-31 17:52:46.997897
U285,P183,0,1,0,9,1,2026-01-28 23:52:46.997909
U263,P174,0,1,1,50,1,2026-02-03 09:52:46.997922
U195,P409,0,0,1,65,1,2026-02-07 13:52:46.997935
U151,P111,1,0,0,103,0,2026-02-07 11:52:46.997948
U264,P83,0,1,1,95,1,2026-02-01 19:52:46.997961
U297,P454,0,0,1,93,0,2026-02-01 07:52:46.997975
U215,P420,0,0,1,60,1,2026-02-08 04:52:46.997988
U10,P471,1,0,1,103,1,2026-02-03 20:52:46.998001
U169,P130,0,1,0,112,0,2026-02-14 04:52:46.998014
U130,P496,0,1,1,98,0,2026-02-08 11:52:46.998028
U275,P490,1,0,1,118,1,2026-01-26 05:52:46.998043
U95,P173,0,0,0,25,0,2026-02-11 20:52:46.998056
U102,P169,0,1,1,53,1,2026-01-27 18:52:46.998069
U5,P455,1,1,0,61,1,2026-02-10 09:52:46.998082
U292,P394,1,0,0,103,0,2026-02-09 13:52:46.998095
U148,P269,0,1,0,23,1,2026-01-30 07:52:46.998108
U56,P301,1,1,0,58,0,2026-02-05 10:52:46.998121
U293,P270,0,1,1,104,1,2026-01-30 07:52:46.998134
U211,P298,0,0,0,68,1,2026-01-24 13:52:46.998147
U188,P18,0,0,0,51,0,2026-02-12 14:52:46.998162
U217,P210,1,0,0,80,0,2026-01-30 10:52:46.998175
U133,P449,1,0,0,47,1,2026-02-04 07:52:46.998188
U247,P4,1,0,0,98,1,2026-02-07 00:52:46.998201
U193,P3,1,1,1,22,0,2026-02-06 21:52:46.998214
U116,P84,0,1,1,70,0,2026-02-13 19:52:46.998228
U199,P59,1,0,1,13,1,2026-01-26 15:52:46.998240
U9,P101,1,0,0,12,0,2026-02-09 15:52:46.998256
U266,P373,1,1,1,87,0,2026-01-27 22:52:46.998268
U134,P326,1,0,1,17,0,2026-02-11 10:52:46.998282
U248,P41,1,0,1,85,0,2026-02-02 03:52:46.998295
U76,P472,1,1,0,116,0,2026-02-01 13:52:46.998308
U24,P274,0,1,0,109,0,2026-01-26 18:52:46.998323
U120,P225,1,0,1,58,1,2026-02-03 10:52:46.998336
U152,P385,1,0,1,119,0,2026-01-29 10:52:46.998349
U197,P436,0,0,0,32,1,2026-02-08 17:52:46.998362
U120,P216,1,1,0,21,1,2026-02-13 09:52:46.998375
U208,P458,1,0,1,98,1,2026-01-29 18:52:46.998388
U107,P105,0,0,1,85,0,2026-02-04 06:52:46.998400
U232,P420,1,1,1,82,1,2026-02-01 06:52:46.998413
U185,P114,0,0,1,49,1,2026-01-31 21:52:46.998426
U95,P258,0,0,1,18,1,2026-02-04 23:52:46.998453
U111,P104,0,1,0,33,0,2026-02-10 16:52:46.998466
U9,P276,0,1,0,92,0,2026-02-11 20:52:46.998482
U144,P356,0,0,1,71,0,2026-01-24 15:52:46.998494
U105,P451,1,0,1,40,0,2026-02-12 02:52:46.998507
U126,P80,0,1,0,66,1,2026-02-02 13:52:46.998521
U214,P198,0,1,0,16,1,2026-02-08 16:52:46.998534
U128,P148,1,0,1,83,1,2026-02-10 04:52:46.998546
U249,P127,1,1,0,77,0,2026-02-09 03:52:46.998559
U150,P14,1,0,1,84,1,2026-01-25 03:52:46.998572
U283,P335,1,1,0,75,0,2026-01-31 05:52:46.998585
U154,P483,0,0,1,6,0,2026-02-06 12:52:46.998598
U180,P186,0,0,1,97,0,2026-01-28 21:52:46.998611
U2,P479,1,0,0,105,1,2026-02-02 08:52:46.998624
U145,P330,0,1,1,66,0,2026-02-04 19:52:46.998636
U31,P190,0,1,1,67,1,2026-02-13 04:52:46.998650
U91,P88,1,0,1,49,0,2026-02-10 21:52:46.998663
U140,P433,0,1,0,22,1,2026-01-29 21:52:46.998675
U97,P283,1,0,1,82,0,2026-01-27 19:52:46.998690
U54,P87,0,1,0,40,1,2026-02-05 05:52:46.998703
U197,P39,1,0,1,113,1,2026-01-31 11:52:46.998716
U168,P487,0,0,0,35,0,2026-02-05 12:52:46.998729
U87,P461,0,0,0,24,1,2026-02-13 16:52:46.998742
U300,P408,0,0,0,7,1,2026-02-04 10:52:46.998755
U138,P449,0,1,1,81,1,2026-01-25 04:52:46.998768
U194,P103,0,1,0,72,1,2026-02-05 10:52:46.998780
U250,P293,0,1,0,48,1,2026-02-10 18:52:46.998793
U297,P458,0,1,1,82,1,2026-02-01 13:52:46.998806
U113,P340,1,1,1,64,1,2026-02-07 06:52:46.998818
U261,P106,1,1,0,18,1,2026-02-08 23:52:46.998831
U206,P140,1,0,1,94,1,2026-02-08 13:52:46.998843
U144,P436,1,1,0,49,0,2026-01-31 01:52:46.998857
U209,P403,0,0,1,69,0,2026-02-09 09:52:46.998870
U157,P270,0,0,0,102,0,2026-01-31 22:52:46.998882
U238,P33,0,0,0,87,1,2026-02-02 13:52:46.998898
U142,P239,0,0,0,57,1,2026-02-10 03:52:46.998911
U95,P414,1,1,1,77,0,2026-01-28 01:52:46.998924
U282,P18,1,1,1,88,1,2026-02-03 16:52:46.998936
U160,P349,0,1,1,75,0,2026-01-25 09:52:46.998949
U289,P50,1,0,1,40,0,2026-02-04 22:52:46.998962
U156,P387,1,0,0,11,1,2026-02-11 16:52:46.998975
U134,P24,0,0,0,104,1,2026-01-30 07:52:46.998988
U63,P29,0,0,1,29,1,2026-02-02 02:52:46.999000
U55,P153,0,0,1,16,1,2026-01-30 03:52:46.999013
U67,P145,0,0,0,86,0,2026-02-06 16:52:46.999026
U105,P226,0,1,1,103,1,2026-02-02 16:52:46.999039
U298,P54,1,1,1,74,1,2026-02-04 15:52:46.999051
U166,P182,1,0,1,107,0,2026-01-27 06:52:46.999065
U121,P259,1,1,1,44,1,2026-02-11 09:52:46.999077
U114,P220,1,0,1,113,0,2026-01-29 03:52:46.999090
U298,P418,1,0,0,112,0,2026-01-27 09:52:46.999105
U215,P481,1,1,0,116,0,2026-02-05 07:52:46.999118
U98,P16,1,1,1,74,0,2026-02-09 17:52:46.999131
U23,P42,0,1,1,41,1,2026-02-07 23:52:46.999144
U6,P32,0,1,0,41,0,2026-02-06 20:52:46.999157
U177,P61,0,1,0,90,0,2026-02-13 22:52:46.999170
U85,P262,0,1,1,7,0,2026-02-12 06:52:46.999183
U94,P478,1,1,1,100,0,2026-02-14 02:52:46.999195
U129,P323,0,0,0,7,1,2026-02-06 20:52:46.999208
U31,P66,1,0,1,35,0,2026-02-06 06:52:46.999221
U66,P415,0,0,1,78,1,2026-01-30 15:52:46.999234
U225,P83,1,0,1,65,1,2026-02-12 07:52:46.999247
U257,P352,0,0,0,85,1,2026-02-01 16:52:46.999260
U77,P230,0,1,1,100,1,2026-02-09 21:52:46.999273
U134,P217,0,1,1,42,0,2026-02-08 18:52:46.999286
U112,P389,1,1,1,115,1,2026-02-01 22:52:46.999299
U112,P88,1,1,1,53,1,2026-02-05 13:52:46.999315
U274,P70,1,1,0,38,0,2026-01-30 04:52:46.999328
U255,P452,1,0,0,107,1,2026-02-08 06:52:46.999341
U187,P11,1,0,1,86,1,2026-01-26 19:52:46.999353
U38,P345,1,1,0,108,0,2026-02-14 04:52:46.999367
U243,P469,0,1,0,95,1,2026-02-12 03:52:46.999380
U241,P32,0,1,1,30,1,2026-01-27 03:52:46.999392
U61,P41,0,1,0,102,1,2026-02-02 06:52:46.999405
U151,P204,1,0,1,83,0,2026-02-05 17:52:46.999418
U48,P258,0,1,0,63,1,2026-02-01 02:52:46.999431
U294,P409,0,0,1,40,0,2026-01-28 17:52:46.999446
U10,P187,1,0,0,73,1,2026-02-06 06:52:46.999459
U101,P485,0,1,0,10,0,2026-01-25 19:52:46.999472
U160,P380,1,0,0,66,1,2026-02-03 23:52:46.999486
U11,P154,1,0,0,61,0,2026-02-02 10:52:46.999499
U187,P62,1,0,1,107,1,2026-02-10 08:52:46.999512
U286,P424,0,0,0,33,0,2026-02-12 23:52:46.999527
U288,P138,0,0,1,55,1,2026-02-04 11:52:46.999540
U55,P419,1,1,1,40,0,2026-02-05 09:52:46.999553
U245,P465,0,0,1,68,1,2026-02-11 20:52:46.999566
U113,P223,1,0,1,56,1,2026-02-06 06:52:46.999579
U232,P276,0,1,0,113,1,2026-02-04 19:52:46.999591
U247,P394,0,0,0,28,0,2026-02-07 16:52:46.999604
U299,P394,0,0,1,92,0,2026-02-13 15:52:46.999617
U109,P418,0,0,1,71,1,2026-01-25 22:52:46.999630
U294,P154,1,1,0,36,0,2026-02-05 07:52:46.999643
U162,P105,1,0,1,86,0,2026-02-10 19:52:46.999656
U12,P4,0,0,0,55,0,2026-02-08 15:52:46.999668
U87,P362,1,0,1,72,1,2026-01-30 13:52:46.999681
U44,P143,1,1,0,77,0,2026-02-06 03:52:46.999694
U155,P246,1,1,1,25,0,2026-02-11 05:52:46.999707
U129,P358,1,0,0,96,1,2026-02-04 06:52:46.999720
U112,P228,1,1,0,77,1,2026-02-10 15:52:46.999736
U180,P122,1,1,1,112,0,2026-02-12 01:52:46.999749
U37,P117,0,1,1,14,0,2026-01-27 12:52:46.999761
U64,P42,0,0,0,18,0,2026-01-30 18:52:46.999774
U233,P480,1,1,0,101,0,2026-02-14 04:52:46.999787
U65,P430,0,0,0,11,1,2026-02-08 06:52:46.999800
U246,P116,0,0,1,44,0,2026-02-12 11:52:46.999813
U35,P500,1,0,0,89,1,2026-02-11 20:52:46.999826
U294,P456,0,1,1,112,1,2026-01-31 22:52:46.999839
U132,P176,1,1,1,109,0,2026-02-14 00:52:46.999851
U213,P120,1,0,0,93,1,2026-02-13 05:52:46.999864
U205,P401,1,1,1,87,1,2026-02-03 17:52:46.999877
U3,P2,1,1,1,75,1,2026-01-24 12:52:46.999890
U38,P359,1,1,0,56,1,2026-02-02 06:52:46.999903
U292,P154,1,0,0,78,1,2026-02-02 22:52:46.999916
U185,P353,0,0,1,90,1,2026-01-28 07:52:46.999929
U15,P273,0,0,0,67,1,2026-01-28 01:52:46.999944
U187,P214,0,1,0,73,1,2026-01-28 12:52:46.999958
U196,P246,0,0,0,44,1,2026-02-12 10:52:46.999971
U211,P179,0,0,0,36,1,2026-01-27 22:52:46.999984
U17,P112,0,1,1,39,1,2026-02-06 05:52:46.999996
U179,P104,0,1,1,10,1,2026-02-01 05:52:47.000009
U224,P25,0,0,0,106,1,2026-01-26 11:52:47.000022
U203,P267,1,1,0,98,1,2026-02-09 14:52:47.000035
U69,P358,1,1,0,53,1,2026-01-25 03:52:47.000048
U75,P201,1,1,1,62,0,2026-01-27 16:52:47.000061
U237,P32,0,1,1,37,0,2026-01-29 21:52:47.000074
U107,P265,1,0,0,98,1,2026-02-09 00:52:47.000087
U276,P167,0,0,1,39,0,2026-02-01 03:52:47.000100
U231,P215,1,0,0,91,0,2026-02-07 17:52:47.000113
U64,P62,0,0,1,66,1,2026-01-25 16:52:47.000127
U26,P435,0,1,0,119,1,2026-02-12 17:52:47.000140
U289,P379,1,1,0,12,1,2026-02-05 00:52:47.000154
U279,P326,0,0,1,114,0,2026-01-28 07:52:47.000168
U265,P162,0,0,1,5,1,2026-02-09 17:52:47.000181
U68,P432,1,1,1,57,1,2026-01-25 15:52:47.000193
U207,P320,1,1,0,66,1,2026-01-31 04:52:47.000206
U52,P116,0,1,0,69,1,2026-02-06 20:52:47.000219
U278,P480,0,0,0,80,1,2026-01-30 15:52:47.000232
U236,P158,1,1,0,110,1,2026-02-03 14:52:47.000245
U113,P30,1,0,0,86,1,2026-02-07 02:52:47.000258
U130,P245,0,0,1,84,1,2026-02-12 18:52:47.000271
U52,P161,0,1,1,55,1,2026-02-04 20:52:47.000283
U154,P293,1,0,0,15,0,2026-02-12 12:52:47.000297
U133,P66,0,0,1,94,0,2026-02-07 01:52:47.000309
U59,P184,1,1,1,72,1,2026-01-26 02:52:47.000323
U68,P427,0,1,0,10,0,2026-02-12 11:52:47.000336
U31,P470,0,1,0,33,0,2026-01-29 09:52:47.000349
U182,P184,1,1,0,104,0,2026-02-06 11:52:47.000364
U86,P174,1,1,0,64,1,2026-02-08 10:52:47.000377
U159,P499,1,0,1,26,1,2026-02-08 04:52:47.000390
U38,P281,1,0,0,62,1,2026-01-27 03:52:47.000403
U267,P269,0,1,0,42,0,2026-02-01 22:52:47.000416
U27,P36,1,1,0,19,0,2026-02-08 22:52:47.000429
U262,P345,0,1,1,26,0,2026-02-10 01:52:47.000442
U219,P253,0,0,1,61,0,2026-02-14 00:52:47.000455
